Time,Flux,Flux_Err,Filt,mod_flux
2062.9608447916253,357.0473,10.21706,True,357.04730224609375
2062.9812769466807,306.4737,10.209446,True,306.47369384765625
2063.001709101729,248.8912,10.2087,True,248.89120483398438
2063.0221412563187,108.51067,10.205165,True,108.51067352294922
2063.0425734104356,121.901764,10.203852,True,121.90176391601562
2063.063005564094,85.10618,10.203959,True,85.1061782836914
2063.083437717287,101.87444,10.203461,True,101.87444305419922
2063.1038699700075,46.991,10.204483,True,46.99100112915039
2063.1243021227347,82.04027,10.204928,True,82.04026794433594
2063.1447341745297,74.518326,10.206285,True,74.51832580566406
2063.1651664258534,120.84607,10.206222,True,120.8460693359375
2063.185598576718,157.27924,10.206544,True,157.27923583984375
2063.2060306275816,180.81296,10.20746,True,180.81295776367188
2063.2264628775083,237.4094,10.209564,True,237.40939331054688
2063.246894926975,315.69608,10.210508,True,315.6960754394531
2063.2673270764426,336.0083,10.210991,True,336.00830078125
2063.2877593249723,348.29456,10.213379,True,348.2945556640625
2066.2912808381006,381.23288,10.226218,True,381.2328796386719
2066.311712922834,332.8518,10.223914,True,332.851806640625
2066.3321451071097,309.24973,10.223329,True,309.2497253417969
2066.3730091742545,242.94833,10.220958,True,242.94833374023438
2066.3934413571333,251.86035,10.222222,True,251.8603515625
2066.413873339545,243.1232,10.222161,True,243.12319946289062
2066.434305421484,329.17358,10.223748,True,329.173583984375
2066.4547376034316,354.0105,10.22359,True,354.010498046875
2066.475169584446,320.6544,10.22302,True,320.6543884277344
2066.495601665454,325.96475,10.223645,True,325.9647521972656
2066.5160338460046,355.07797,10.223573,True,355.0779724121094
2066.536465825622,360.8661,10.223898,True,360.8660888671875
2066.556898005234,324.25162,10.223754,True,324.2516174316406
2066.5773300843866,184.33089,10.220941,True,184.3308868408203
2066.597762063073,271.56183,10.222411,True,271.56182861328125
2066.6181942417534,249.44063,10.221832,True,249.4406280517578
2066.638626319509,293.81265,10.221777,True,293.8126525878906
2066.659058396799,304.91388,10.222639,True,304.91387939453125
2066.679490474082,264.24252,10.221925,True,264.2425231933594
2066.6999225504405,301.8284,10.222311,True,301.8283996582031
2066.7203546267992,277.4993,10.224155,True,277.4992980957031
2066.740786702685,232.88597,10.221522,True,232.88597106933594
2066.7612187781124,268.12125,10.222377,True,268.1212463378906
2066.781650853074,355.3234,10.223929,True,355.3233947753906
2066.8020830275636,233.51569,10.222423,True,233.51568603515625
2066.8225150015933,320.39276,10.223789,True,320.39276123046875
2066.8633791487155,334.58362,10.225162,True,334.5836181640625
2066.883811221349,345.0404,10.225125,True,345.0404052734375
2066.9042432939823,259.87,10.223687,True,259.8699951171875
2066.9246754661435,252.17181,10.222562,True,252.17181396484375
2066.945107437845,307.92743,10.22413,True,307.92742919921875
2066.9655394090805,247.71323,10.223929,True,247.71322631835938
2066.9859715798448,258.23654,10.223926,True,258.2365417480469
2067.00640365015,206.2246,10.222623,True,206.22459411621094
2067.026835819983,235.91411,10.223946,True,235.9141082763672
2067.047267789356,144.34819,10.221489,True,144.3481903076172
2067.0676998587296,195.45793,10.220999,True,195.4579315185547
2067.088132027173,248.25253,10.222004,True,248.25253295898438
2067.1085639956073,173.32832,10.2215605,True,173.3283233642578
2067.128996063584,126.191925,10.2206335,True,126.19192504882812
2067.1494282310887,136.76587,10.219712,True,136.765869140625
2067.169860298134,174.35654,10.220491,True,174.35653686523438
2067.190292264713,166.02196,10.22027,True,166.02195739746094
2067.210724430828,127.41145,10.2196455,True,127.41145324707031
2067.2311564964693,98.56627,10.218951,True,98.56626892089844
2067.251588462117,163.31496,10.219735,True,163.31495666503906
2067.2720206268277,181.85196,10.219035,True,181.85195922851562
2067.292452691545,50.877953,10.218631,True,50.877952575683594
2067.3128846557956,137.47409,10.219509,True,137.47409057617188
2067.353748882895,188.00737,10.2212105,True,188.0073699951172
2067.374180845749,174.51982,10.220848,True,174.5198211669922
2067.3946130081313,180.11917,10.222003,True,180.11917114257812
2067.4150450700545,97.11637,10.221273,True,97.11637115478516
2067.435477031977,164.2589,10.2209835,True,164.25889587402344
2067.4559091929696,111.27568,10.220249,True,111.27568054199219
2067.476341253954,68.78008,10.219915,True,68.78008270263672
2067.496773414481,104.59061,10.219876,True,104.59060668945312
2067.5172053745337,88.96628,10.219629,True,88.96627807617188
2067.5376374341286,86.132095,10.220122,True,86.13209533691406
2067.5580695932586,150.11578,10.219692,True,150.11578369140625
2067.5785015519214,37.400036,10.219638,True,37.4000358581543
2067.598933610112,57.575726,10.218662,True,57.57572555541992
2067.61936566831,99.83891,10.219081,True,99.83891296386719
2067.660229782836,70.21059,10.218454,True,70.21058654785156
2067.7010938959647,71.105576,10.218077,True,71.10557556152344
2067.7215259518343,35.017445,10.217837,True,35.0174446105957
2067.741958107239,31.457657,10.216879,True,31.457656860351562
2067.8032542711153,11.139797,10.217726,True,11.13979721069336
2067.9054145360133,5.8076973,10.217181,True,5.807697296142578
2067.9258465881576,9.711128,10.218801,True,9.711128234863281
2067.9462785393625,48.926342,10.218303,True,48.92634201049805
2068.1505992305174,17.731518,10.217444,True,17.731517791748047
2069.2743613084385,35.366947,10.223372,True,35.366947174072266
2069.519545578376,0.21490479,10.2256,True,0.21490478515625
2069.621705774247,24.98885,10.229225,True,24.988849639892578
2069.64213769239,22.968227,10.22782,True,22.96822738647461
2069.703433743576,29.404896,10.2276,True,29.404895782470703
2069.7647297915028,71.194016,10.227602,True,71.19401550292969
2069.7851619068606,63.39275,10.231137,True,63.39274978637695
2069.805593921752,212.9231,10.234053,True,212.923095703125
2069.8260258361697,168.6688,10.233466,True,168.66879272460938
2069.8464579501306,160.85435,10.232363,True,160.85435485839844
2069.8668898636242,39.777145,10.230647,True,39.77714538574219
2069.887321977112,76.035416,10.231004,True,76.03541564941406
2069.9281860022384,64.1994,10.231701,True,64.19940185546875
2069.9486179143278,64.91544,10.230024,True,64.91544342041016
2069.9690500259603,46.89179,10.230339,True,46.891788482666016
2069.9894820371264,79.67659,10.2319,True,79.67658996582031
2070.009913947819,126.917854,10.23206,True,126.91785430908203
2070.1120740961924,119.47234,10.23141,True,119.47234344482422
2070.1325062050237,73.57411,10.232394,True,73.57411193847656
2070.2142341352446,135.31049,10.233491,True,135.31048583984375
2070.2550982477915,10.848309,10.230977,True,10.848308563232422
2070.275530153369,19.58863,10.231455,True,19.58863067626953
2070.336826168699,16.556381,10.23123,True,16.556381225585938
2070.3572581728804,9.15218,10.23192,True,9.152179718017578
2070.3776902765894,31.480698,10.231713,True,31.480697631835938
2070.418554183081,29.353416,10.231841,True,29.353416442871094
2070.4389862854005,21.366543,10.234526,True,21.36654281616211
2070.459418287719,0.30046463,10.231395,True,0.3004646301269531
2070.5411463927885,64.43396,10.234691,True,64.4339599609375
2070.582010193233,160.27618,10.236378,True,160.27618408203125
2070.602442292751,51.79838,10.233701,True,51.79838180541992
2070.62287429181,51.819733,10.234572,True,51.819732666015625
2070.6637382889894,177.15665,10.239302,True,177.15664672851562
2070.704602184778,91.63066,10.237411,True,91.63066101074219
2070.7454662786986,96.93329,10.237463,True,96.93328857421875
2070.7658982749635,77.41592,10.240353,True,77.4159164428711
2070.8067622670205,121.134834,10.23979,True,121.13483428955078
2070.827194262354,117.69026,10.2389765,True,117.69026184082031
2070.868058251617,14.33297,10.236916,True,14.332969665527344
2070.888490245554,47.171482,10.237122,True,47.17148208618164
2070.908922339484,52.866886,10.23744,True,52.866886138916016
2070.9497863254946,93.78197,10.238403,True,93.78196716308594
2070.9702183184927,69.75354,10.240659,True,69.7535400390625
2070.990650210566,145.44543,10.242109,True,145.4454345703125
2071.031514293776,157.83762,10.243992,True,157.83761596679688
2071.072378275596,29.244423,10.238901,True,29.244422912597656
2071.113242155545,181.9836,10.244689,True,181.9835968017578
2071.1336742452913,142.56009,10.242516,True,142.56008911132812
2071.1541062340984,23.11665,10.238595,True,23.116649627685547
2071.174538122912,105.65263,10.238949,True,105.65263366699219
2071.1949702112615,109.98688,10.239443,True,109.98687744140625
2071.2154021991373,48.377304,10.23938,True,48.37730407714844
2071.2766981609166,46.519547,10.240971,True,46.51954650878906
2071.317562133423,108.714775,10.239975,True,108.71477508544922
2071.3379941189705,169.02531,10.243975,True,169.0253143310547
2071.3584261045253,104.62576,10.243986,True,104.62576293945312
2071.3788580891487,75.162445,10.239513,True,75.16244506835938
2071.399290073765,14.263512,10.239227,True,14.263511657714844
2071.4197221579234,71.27699,10.239586,True,71.27699279785156
2071.4401540416147,145.10666,10.241294,True,145.10665893554688
2071.4605860252996,17.280815,10.240108,True,17.28081512451172
2071.481018108061,81.33271,10.23861,True,81.33271026611328
2071.501449990821,10.651684,10.239864,True,10.651683807373047
2071.521881973109,111.38124,10.239372,True,111.38124084472656
2071.542314054939,114.019135,10.240652,True,114.01913452148438
2071.5627459363022,14.669514,10.239464,True,14.669513702392578
2071.583177917193,83.1528,10.240113,True,83.15280151367188
2071.603609998092,109.00464,10.240612,True,109.004638671875
2071.6240418785237,182.89847,10.245075,True,182.89846801757812
2071.6444738584833,141.53119,10.242821,True,141.53118896484375
2071.664905937985,17.65633,10.23875,True,17.656330108642578
2071.68533781702,68.676346,10.241238,True,68.67634582519531
2071.705769796048,95.10448,10.240524,True,95.10447692871094
2071.7262018746187,76.26983,10.241112,True,76.26982879638672
2071.7466338527156,190.35,10.242372,True,190.35000610351562
2071.767065830354,121.036545,10.241166,True,121.03654479980469
2071.787497807527,137.04501,10.240905,True,137.04501342773438
2071.8079297847,201.7708,10.245264,True,201.7707977294922
2071.828361760934,107.882034,10.244532,True,107.88203430175781
2071.8487937371756,72.63236,10.242982,True,72.63236236572266
2071.869225712944,92.019165,10.243165,True,92.0191650390625
2071.9100896635646,10.472061,10.242529,True,10.472061157226562
2071.9305216379435,28.458572,10.241095,True,28.458572387695312
2071.950953712316,157.68301,10.241078,True,157.68301391601562
2071.9713855862283,135.33669,10.241932,True,135.33668518066406
2072.073545450192,32.50634,10.242016,True,32.50634002685547
2072.093977421777,50.76478,10.242705,True,50.76477813720703
2072.1144093933544,180.8866,10.2453,True,180.8865966796875
2072.134841364008,72.18892,10.242665,True,72.18891906738281
2072.1552733346616,79.65579,10.24455,True,79.65579223632812
2072.1757053048495,153.48242,10.242526,True,153.482421875
2072.1961372745645,77.97421,10.2425995,True,77.97421264648438
2072.257433281862,50.233448,10.240968,True,50.23344802856445
2072.2778651501867,40.097443,10.241678,True,40.097442626953125
2072.29829721804,61.196873,10.2411175,True,61.19687271118164
2072.3187291854338,48.6898,10.241764,True,48.68980026245117
2072.339161052827,41.922165,10.241932,True,41.92216491699219
2072.3800250857457,87.16994,10.243136,True,87.16993713378906
2072.400456951742,123.35449,10.243843,True,123.3544921875
2072.461752847863,146.66084,10.242948,True,146.6608428955078
2072.563912766658,27.820072,10.241605,True,27.820072174072266
2072.5843447293955,40.42538,10.240901,True,40.42538070678711
2072.6252086539316,106.69605,10.242181,True,106.69605255126953
2072.6456407152727,112.08,10.242841,True,112.08000183105469
2072.666072576605,74.75293,10.242492,True,74.7529296875
2072.68650453748,24.368248,10.241762,True,24.368247985839844
2072.7069365978823,72.862206,10.243825,True,72.8622055053711
2072.7478004177683,83.927025,10.242715,True,83.9270248413086
2072.768232476781,219.0494,10.249055,True,219.0493927001953
2072.788664435786,107.54233,10.243179,True,107.54232788085938
2072.8090962943315,8.9467125,10.242751,True,8.946712493896484
2072.8499602104857,3.6449127,10.242024,True,3.6449127197265625
2072.9521200943564,175.43933,10.244894,True,175.4393310546875
2072.972551950108,36.952587,10.24168,True,36.95258712768555
2072.992983905395,78.559265,10.242276,True,78.55926513671875
2073.0134159602167,41.249626,10.241694,True,41.24962615966797
2073.0338478150297,148.84299,10.243209,True,148.84298706054688
2073.0542798689203,33.50448,10.242841,True,33.504478454589844
2073.074711822803,6.7720833,10.243422,True,6.772083282470703
2073.095143776227,13.301239,10.2422495,True,13.301239013671875
2073.1155757291854,5.8456726,10.242807,True,5.845672607421875
2073.136007682144,84.635056,10.243817,True,84.63505554199219
2073.176871586191,243.71432,10.24873,True,243.71432495117188
2073.1973035382107,79.76047,10.2432165,True,79.76046752929688
2073.2381675399374,149.68579,10.248616,True,149.685791015625
2073.258599390567,110.760956,10.244709,True,110.76095581054688
2073.279031340724,49.05089,10.243877,True,49.0508918762207
2073.2994633904236,221.54855,10.246936,True,221.54855346679688
2073.3198952401144,47.709583,10.243037,True,47.7095832824707
2073.36075923765,56.5806,10.244696,True,56.58060073852539
2073.3811910859513,28.498112,10.243113,True,28.498111724853516
2073.401623034246,35.082012,10.243673,True,35.08201217651367
2073.4220549816164,220.91057,10.249147,True,220.9105682373047
2073.4424869289796,39.253803,10.243411,True,39.25380325317383
2073.4833508223237,27.997623,10.242147,True,27.997623443603516
2073.5037827682972,35.35034,10.242945,True,35.350341796875
2073.5242148142643,13.457291,10.242662,True,13.457290649414062
2073.5446466593057,12.5399,10.24249,True,12.539899826049805
2073.5650786048063,45.15672,10.243855,True,45.15671920776367
2073.5855106493837,164.64479,10.24568,True,164.64479064941406
2073.6059425934945,83.58638,10.243503,True,83.58638000488281
2073.6468064812434,70.65573,10.243215,True,70.65573120117188
2073.667238424423,91.10123,10.243861,True,91.10122680664062
2073.687670267129,44.785908,10.2435875,True,44.78590774536133
2073.728534251626,45.20771,10.245321,True,45.20771026611328
2073.7489660938736,53.57564,10.245148,True,53.57564163208008
2073.769398135184,35.994923,10.244831,True,35.99492263793945
2073.7898300760353,1.7036552,10.244935,True,1.7036552429199219
2073.830693957265,156.1635,10.2454405,True,156.1634979248047
2073.851125897185,56.52889,10.243944,True,56.52888870239258
2073.8715579366326,1.1791267,10.244409,True,1.1791267395019531
2073.891989776086,19.318089,10.244639,True,19.31808853149414
2073.932853753591,118.40095,10.245063,True,118.40094757080078
2073.9941495668245,72.946075,10.24582,True,72.94607543945312
2074.03501334061,93.53946,10.2464285,True,93.53945922851562
2074.055445376798,87.83328,10.244668,True,87.83328247070312
2074.075877312993,16.560556,10.245832,True,16.560556411743164
2074.096309148721,25.452892,10.24513,True,25.452892303466797
2074.178036987898,19.134022,10.245687,True,19.134021759033203
2074.2801965534964,13.6200485,10.24553,True,13.620048522949219
2074.3006285854935,53.711044,10.246359,True,53.71104431152344
2074.4027882403825,57.32332,10.246659,True,57.32331848144531
2074.4436521001917,65.530396,10.248053,True,65.5303955078125
2074.4640840294014,21.73251,10.245754,True,21.73250961303711
2074.484515958138,34.460056,10.246199,True,34.46005630493164
2074.5049478864166,43.65244,10.246455,True,43.65243911743164
2074.525379814695,25.678425,10.246879,True,25.678424835205078
2074.5662436698476,48.51426,10.246559,True,48.514259338378906
2074.627539450019,30.89983,10.246012,True,30.899829864501953
2074.668403301912,61.521183,10.247798,True,61.521183013916016
2074.709267251943,84.257034,10.250768,True,84.25703430175781
2074.750131101049,69.63646,10.248179,True,69.63645935058594
2074.7705630246637,10.916706,10.248084,True,10.916706085205078
2074.8114268714417,40.51652,10.247489,True,40.51652145385742
2074.8318587945905,85.02043,10.248406,True,85.02043151855469
2074.87272263904,93.33484,10.249112,True,93.3348388671875
2074.9135863820848,109.2419,10.251615,True,109.24189758300781
2075.0157460843475,2.5043259,10.247238,True,2.5043258666992188
2075.056609922278,34.07855,10.248105,True,34.078548431396484
2075.1383375948644,117.09659,10.249819,True,117.09658813476562
2075.1587696119677,68.67732,10.248302,True,68.67732238769531
2075.281361108049,56.626247,10.248745,True,56.62624740600586
2075.8125907794238,7.308361,10.250945,True,7.308361053466797
2075.8330226853504,4.137806,10.251273,True,4.137805938720703
2075.894318400562,2.4211082,10.251417,True,2.4211082458496094
2076.6094349513296,20.190018,10.255162,True,20.190017700195312
2076.8546177389508,7.479664,10.2561245,True,7.479663848876953
2077.0180728373307,18.647713,10.257445,True,18.64771270751953
2077.1202322628815,6.765259,10.25732,True,6.7652587890625
2077.1610960309554,51.968224,10.258649,True,51.968223571777344
2077.2019598974002,55.44632,10.258078,True,55.446319580078125
2077.222391680276,21.784771,10.257572,True,21.784770965576172
2077.2428235626867,15.106728,10.257403,True,15.106727600097656
2077.2836873265696,45.148754,10.258138,True,45.14875411987305
2077.304119208049,50.356716,10.2585945,True,50.35671615600586
2077.324551189289,6.3973656,10.257662,True,6.397365570068359
2077.447142469071,24.983902,10.259863,True,24.983901977539062
2077.5084381046545,5.951191,10.259488,True,5.951190948486328
2077.549301759929,17.673347,10.261366,True,17.67334747314453
2077.5697337369784,16.342503,10.260444,True,16.34250259399414
2077.6105975903847,56.645584,10.260774,True,56.64558410644531
2077.6514612424,41.60052,10.262721,True,41.600521087646484
2077.7127568682045,67.023994,10.262672,True,67.02399444580078
2077.7740524907495,12.103302,10.261999,True,12.103302001953125
2077.8149163376365,1.4226227,10.262689,True,1.4226226806640625
2077.8353481105005,45.76395,10.262715,True,45.76395034790039
2077.937507470153,19.480618,10.263375,True,19.48061752319336
2078.0192350520592,41.434826,10.263118,True,41.4348258972168
2078.03966692189,17.646702,10.263833,True,17.64670181274414
2078.0600986910285,81.276726,10.265252,True,81.27672576904297
2078.100962528835,45.027905,10.264593,True,45.02790451049805
2078.1418262652514,57.851753,10.266247,True,57.85175323486328
2078.1826900002634,224.7043,10.269989,True,224.7042999267578
2078.2031218673073,184.54121,10.269019,True,184.5412139892578
2078.223553734111,161.75758,10.26739,True,161.75758361816406
2078.2439856006895,4.163681,10.267395,True,4.1636810302734375
2078.264417466802,113.54591,10.297158,True,113.54591369628906
2078.284849332442,236.12177,10.338598,True,236.12176513671875
2078.305281197856,109.28708,10.353639,True,109.28707885742188
2078.325713163038,119.702866,10.348249,True,119.70286560058594
2078.387008756479,245.89818,10.379959,True,245.89817810058594
2078.4278724838077,103.84673,10.362939,True,103.84673309326172
2078.509599834979,176.0262,10.351503,True,176.0261993408203
2078.55046365835,311.26718,10.341969,True,311.2671813964844
2078.5708954198053,117.76265,10.342317,True,117.76264953613281
2078.5913272807884,174.42235,10.331499,True,174.42234802246094
2078.632191001605,167.05693,10.325269,True,167.0569305419922
2078.6526228616567,78.58374,10.32153,True,78.583740234375
2078.713918439731,186.48035,10.309491,True,186.4803466796875
2078.7343503986267,163.8219,10.307573,True,163.8218994140625
2078.754782256823,18.736237,10.303198,True,18.736236572265625
2078.795645972743,25.041801,10.300513,True,25.04180145263672
2078.816077830241,6.0669136,10.299141,True,6.066913604736328
2078.9591009236246,68.617584,10.292017,True,68.61758422851562
2078.9795326785606,34.509594,10.289244,True,34.50959396362305
2079.040828241501,42.39536,10.289651,True,42.39535903930664
2079.061260095041,11.8364525,10.290768,True,11.83645248413086
2079.081692048341,113.63574,10.288358,True,113.6357421875
2079.1225556542486,301.0418,10.297677,True,301.04180908203125
2079.142987606625,11.139942,10.290766,True,11.139942169189453
2079.1634194587677,172.18622,10.291791,True,172.18621826171875
2079.1838513104376,381.59122,10.29657,True,381.5912170410156
2079.204283161882,377.62772,10.295033,True,377.6277160644531
2079.3064424144322,327.2148,10.294672,True,327.2148132324219
2079.3677379622386,207.13419,10.292237,True,207.13418579101562
2079.388169810889,98.51935,10.2878275,True,98.51934814453125
2079.4086015593057,55.705482,10.285334,True,55.705482482910156
2079.429033507251,97.55951,10.286161,True,97.55950927734375
2079.44946535497,104.3591,10.284333,True,104.35910034179688
2079.4698971024554,199.99432,10.286099,True,199.99432373046875
2079.4903290494694,144.01508,10.288614,True,144.01507568359375
2079.510760896257,181.51653,10.287767,True,181.5165252685547
2079.531192742579,299.8632,10.288219,True,299.8631896972656
2080.4914893782698,349.14526,10.289725,True,349.145263671875
2080.53235304157,309.45438,10.289079,True,309.4543762207031
2080.552784872525,297.13037,10.288225,True,297.13037109375
2080.573216703473,225.70143,10.2865,True,225.70143127441406
2080.5936485339626,249.54037,10.287565,True,249.54037475585938
2080.6140803642193,300.8994,10.2879505,True,300.8994140625
2080.6345121940103,281.6373,10.288817,True,281.6372985839844
2080.654944123795,335.6537,10.291019,True,335.6536865234375
2082.4120805657003,378.32263,10.301145,True,378.3226318359375
2082.43251236988,351.66193,10.300798,True,351.66192626953125
2082.4529441735867,320.59744,10.299397,True,320.5974426269531
2082.4733759773007,302.72202,10.298602,True,302.7220153808594
2082.493807780549,226.6716,10.297767,True,226.67160034179688
2082.514239683558,210.04547,10.297565,True,210.04547119140625
2082.53467138634,187.19676,10.296609,True,187.19676208496094
2082.555103188657,75.94605,10.295413,True,75.94605255126953
2082.5755350909676,149.90714,10.295386,True,149.90713500976562
2082.595966792818,162.74709,10.294755,True,162.74708557128906
2082.6163985944368,88.48453,10.294339,True,88.48452758789062
2082.636830495816,75.107994,10.293061,True,75.10799407958984
2082.6572621967352,183.4753,10.295723,True,183.4752960205078
2082.6776939974225,20.596794,10.292381,True,20.59679412841797
2082.6981258978703,47.33128,10.293425,True,47.33127975463867
2082.718557598091,58.51919,10.29331,True,58.51919174194336
2082.7594212975964,203.65184,10.2964945,True,203.65184020996094
2082.800284896177,54.64691,10.294492,True,54.64691162109375
2082.820716694994,25.266613,10.293711,True,25.266613006591797
2082.861580291712,23.092323,10.294188,True,23.092323303222656
2082.9024437872577,0.87052155,10.293237,True,0.8705215454101562
2082.922875684686,5.4538155,10.293184,True,5.453815460205078
2082.984171075099,24.115837,10.293711,True,24.11583709716797
2083.004602871355,108.38393,10.296221,True,108.38392639160156
2083.025034567385,84.918434,10.296388,True,84.9184341430664
2083.0454664629506,38.087723,10.296089,True,38.08772277832031
2083.0658982585082,93.93355,10.298584,True,93.93354797363281
2083.106761848474,65.918045,10.296273,True,65.91804504394531
2083.1271936431003,134.11166,10.297565,True,134.11166381835938
2083.1476253372675,52.681053,10.296264,True,52.681053161621094
2083.1680572314363,159.19379,10.298359,True,159.19378662109375
2083.1884890251313,117.72438,10.298589,True,117.72438049316406
2083.2089209186015,46.55061,10.298132,True,46.55060958862305
2083.2293526118374,205.04979,10.2999525,True,205.04978942871094
2083.249784404834,200.54346,10.300066,True,200.54345703125
2083.2906479896774,239.3198,10.303928,True,239.31979370117188
2083.3110797819754,202.85971,10.304563,True,202.85971069335938
2083.331511673583,271.73703,10.306698,True,271.7370300292969
2083.3519434651826,292.4678,10.306102,True,292.4678039550781
2083.372375156556,317.2946,10.3071,True,317.2945861816406
2083.392807047465,318.09732,10.306244,True,318.0973205566406
2083.4132388381404,232.97884,10.305047,True,232.9788360595703
2083.433670528575,267.57642,10.305633,True,267.576416015625
2083.4541024187856,244.72934,10.305999,True,244.72933959960938
2083.4745342087554,219.57544,10.304078,True,219.575439453125
2083.494965898266,230.69891,10.303913,True,230.69891357421875
2083.515397787778,133.768,10.301528,True,133.76800537109375
2083.5358295768237,183.41618,10.302002,True,183.4161834716797
2083.55626146563,33.49678,10.300211,True,33.49678039550781
2083.5971249423164,27.499264,10.29841,True,27.499263763427734
2083.6379885180795,28.281197,10.29712,True,28.28119659423828
2083.944465300876,37.619526,10.299631,True,37.61952590942383
2083.9648971840943,32.957504,10.300324,True,32.95750427246094
2083.985328967319,123.23251,10.301226,True,123.23251342773438
2084.0057606500777,63.041313,10.302438,True,63.04131317138672
2084.0261925325976,33.542114,10.302379,True,33.5421142578125
2084.0466243148912,194.7645,10.304292,True,194.76449584960938
2084.0670559969512,257.42862,10.306794,True,257.4286193847656
2084.0874878787727,343.6873,10.309771,True,343.6872863769531
2084.720873080325,329.61218,10.313433,True,329.6121826171875
2084.7617366265113,134.48663,10.30801,True,134.48663330078125
2084.782168399026,121.64935,10.306866,True,121.64935302734375
2084.8026001715334,28.271408,10.304619,True,28.271408081054688
2085.0069178817575,176.30875,10.314194,True,176.30874633789062
2085.395121559377,32.78592,10.309102,True,32.785919189453125
2085.5994392943903,90.675415,10.312929,True,90.6754150390625
2085.9672109739986,20.52341,10.312676,True,20.52341079711914
2086.0285062459006,51.89484,10.313956,True,51.894840240478516
2086.069369759265,24.384045,10.313324,True,24.384044647216797
2087.663046317997,28.970013,10.3323765,True,28.970012664794922
2088.0103858227667,2.7585144,10.335817,True,2.758514404296875
2088.419020549256,15.174545,10.340329,True,15.174545288085938
2088.8685186333387,14.671791,10.344741,True,14.671791076660156
2090.339602404136,10.608086,10.357483,True,10.608085632324219
2090.6052146985894,18.48056,10.360174,True,18.480560302734375
2090.6256464042817,56.917152,10.361369,True,56.917152404785156
2092.7301114442307,185.93213,10.393114,True,185.93212890625
2092.7505431298996,64.55597,10.395259,True,64.55596923828125
2092.770974915329,147.90775,10.395214,True,147.90774536132812
2092.7914065005316,104.43327,10.394412,True,104.43327331542969
2092.811838185735,68.221,10.394316,True,68.22100067138672
2093.3430620338986,4.7142754,10.400293,True,4.714275360107422
2093.526947249484,1.7137375,10.4012575,True,1.7137374877929688
2093.772127381322,32.631863,10.40468,True,32.63186264038086
2093.79255895791,38.181396,10.405101,True,38.181396484375
2093.935580788886,16.450981,10.405852,True,16.45098114013672
2095.18191286832,4.9903526,10.422642,True,4.990352630615234
2095.386229612406,29.541916,10.424234,True,29.541915893554688
2096.2443595496225,8.073956,10.434072,True,8.073955535888672
2096.8981726074708,2.1978683,10.436505,True,2.1978683471679688
2097.0616258243535,87.01178,10.469358,True,87.01177978515625
2097.5315538734867,24.344246,10.433213,True,24.34424591064453
2097.5724171700786,15.527199,10.433438,True,15.527198791503906
2097.5928488181453,4.2426414,10.433537,True,4.242641448974609
2098.246661687401,41.401646,10.44405,True,41.40164566040039
2098.5327046892853,53.581055,10.449718,True,53.5810546875
2099.8403298423436,10.887207,10.463562,True,10.88720703125
2099.9220563802373,190.90428,10.470081,True,190.90428161621094
2100.8006167560743,26.09721,10.476777,True,26.097209930419922
2101.9447881766537,23.556396,10.492615,True,23.556396484375
2101.985651325638,24.544342,10.496427,True,24.544342041015625
2102.006083050066,45.944344,10.4952135,True,45.94434356689453
2102.0265145743833,143.02257,10.497875,True,143.02256774902344
2102.0469462985857,143.26707,10.497956,True,143.26707458496094
2102.06737792278,69.42267,10.497137,True,69.42266845703125
2102.108241170834,110.367775,10.498205,True,110.3677749633789
2102.128672794679,117.32072,10.499186,True,117.32071685791016
2102.1491044185314,82.45215,10.500521,True,82.4521484375
2102.1695360422673,95.128685,10.500764,True,95.1286849975586
2102.1899676658795,121.04851,10.500796,True,121.04850769042969
2102.210399189382,221.59444,10.503539,True,221.5944366455078
2102.2308309128857,231.4793,10.504414,True,231.4792938232422
2102.251262536265,238.5849,10.50592,True,238.58489990234375
2102.271694059651,276.79572,10.5065565,True,276.79571533203125
2102.2921257828057,347.37857,10.508034,True,347.3785705566406
2102.3125574059522,337.0001,10.5110235,True,337.0000915527344
2102.353420652027,377.52026,10.514459,True,377.520263671875
2102.4964420104734,378.10718,10.519488,True,378.107177734375
2102.578168599357,221.82423,10.5155,True,221.82423400878906
2102.6190318432127,127.0522,10.513027,True,127.05220031738281
2102.639463465086,118.35571,10.512658,True,118.355712890625
2102.659895086843,90.43558,10.511777,True,90.43557739257812
2102.6803267085925,12.039719,10.510634,True,12.039718627929688
2102.721189951757,0.25188446,10.510113,True,0.25188446044921875
2102.9255061627773,118.86273,10.516656,True,118.86273193359375
2102.9459377834864,210.2623,10.518567,True,210.26229858398438
2102.9663695040726,240.56834,10.519777,True,240.56834411621094
2102.9868010246646,345.0331,10.52222,True,345.0331115722656
2104.1105403445545,53.854465,10.5362215,True,53.85446548461914
2104.1309719613055,181.04169,10.537622,True,181.04168701171875
2104.151403677941,262.8008,10.539449,True,262.8008117675781
2104.1718351944583,294.44006,10.53944,True,294.4400634765625
2104.192266810969,252.34326,10.539315,True,252.34326171875
2104.212698427371,282.57916,10.541072,True,282.57916259765625
2104.2331300437654,167.53976,10.541145,True,167.53976440429688
2104.2535616600508,203.03697,10.542916,True,203.03697204589844
2104.2739932762197,142.22795,10.543666,True,142.2279510498047
2104.294424892505,38.177486,10.543426,True,38.177486419677734
2104.3148565085503,94.67833,10.545002,True,94.67832946777344
2104.4170145882235,69.28,10.552865,True,69.27999877929688
2104.45787791974,51.83936,10.557389,True,51.839359283447266
2104.4987411509064,36.31058,10.558938,True,36.31058120727539
2104.5191727664933,171.73656,10.562595,True,171.73655700683594
2104.539604281963,77.83435,10.565828,True,77.8343505859375
2104.5600359973105,104.81395,10.56511,True,104.81394958496094
2104.5804676126645,280.1371,10.569631,True,280.1370849609375
2104.6621941734847,358.2502,10.581254,True,358.2502136230469
2104.70305730361,324.72488,10.55997,True,324.7248840332031
2104.8052154776888,5.5035744,10.596856,True,5.503574371337891
2105.0095316220104,377.6596,10.604694,True,377.65960693359375
2106.787082277966,89.642,10.625427,True,89.64199829101562
2107.4000306761154,193.05453,10.627166,True,193.05453491210938
2107.8086629612008,190.95337,10.6091175,True,190.953369140625
2107.829094670211,286.15323,10.611712,True,286.1532287597656
2108.8302435894875,321.73102,10.628583,True,321.73101806640625
2108.8506752976828,337.77698,10.628806,True,337.7769775390625
2108.87110690587,340.29318,10.629073,True,340.2931823730469
2108.891538614065,387.8921,10.629149,True,387.89208984375
2110.3626146912575,336.9486,10.644026,True,336.9486083984375
2110.3830462992773,379.5055,10.644443,True,379.5054931640625
2110.4034779073554,278.26886,10.643909,True,278.26885986328125
2110.4239095154335,346.6382,10.644146,True,346.6382141113281
2110.4443411235043,332.19858,10.643037,True,332.1985778808594
2110.4647727316406,288.13696,10.643426,True,288.136962890625
2110.505635847847,196.30055,10.641976,True,196.30055236816406
2110.5260675559257,234.44363,10.642573,True,234.44363403320312
2110.56693067219,227.93976,10.642845,True,227.93975830078125
2110.5873623803272,244.83247,10.644311,True,244.8324737548828
2110.6077939884563,199.50256,10.643149,True,199.5025634765625
2110.6282256965933,202.99632,10.64246,True,202.99632263183594
2110.648657204787,67.00255,10.642385,True,67.00254821777344
2110.6895205211113,165.1191,10.643325,True,165.1190948486328
2110.709952029363,74.98888,10.64271,True,74.98887634277344
2110.8325416787484,268.749,10.64699,True,268.7489929199219
2111.0368579620044,148.75458,10.64879,True,148.75457763671875
2111.057289470431,167.64256,10.650126,True,167.64256286621094
2111.077721178859,214.49918,10.6509495,True,214.49917602539062
2111.098152787279,105.6127,10.649247,True,105.61270141601562
2111.118584295764,166.43251,10.649934,True,166.43251037597656
2111.139016004192,77.97949,10.649635,True,77.9794921875
2111.1594475126694,115.46817,10.650458,True,115.46817016601562
2111.2820371639173,222.83316,10.655789,True,222.83316040039062
2111.343331989716,155.28519,10.656309,True,155.28518676757812
2111.3637636983767,76.4325,10.65468,True,76.43250274658203
2111.384195307037,177.31525,10.65695,True,177.31524658203125
2111.4046269156897,137.91849,10.65634,True,137.91848754882812
2111.425058524408,128.0682,10.656514,True,128.06820678710938
2111.4454901331264,195.25816,10.658394,True,195.25816345214844
2111.5272166681607,211.06973,10.660723,True,211.06973266601562
2111.5476482769955,204.7986,10.661094,True,204.79859924316406
2111.5680797858295,144.1836,10.660738,True,144.18359375
2111.588511494716,18.90475,10.658593,True,18.90475082397461
2111.629374612443,164.37057,10.660855,True,164.37057495117188
2111.6498063213876,141.05553,10.661724,True,141.05552673339844
2111.6702379303388,153.6396,10.662314,True,153.6396026611328
2111.6906696392834,232.73749,10.663372,True,232.73748779296875
2111.772395975313,166.67163,10.664702,True,166.671630859375
2111.7928275843806,167.26129,10.664525,True,167.26129150390625
2111.813259193499,168.64183,10.664601,True,168.64183044433594
2111.833690802625,151.42628,10.665076,True,151.42628479003906
2111.8541224117507,154.33821,10.665045,True,154.3382110595703
2111.8745540208765,93.97418,10.664869,True,93.97418212890625
2111.9154173392963,144.8633,10.665661,True,144.86329650878906
2111.9358488485304,137.4174,10.666205,True,137.4174041748047
2112.0584386044357,179.95718,10.669553,True,179.95718383789062
2112.119733432737,56.45879,10.669954,True,56.45878982543945
2112.140165042212,137.30959,10.671939,True,137.30958557128906
2112.1605966517454,183.09659,10.672048,True,183.09658813476562
2112.1810282612714,139.93442,10.670915,True,139.93441772460938
2112.283186309396,210.88747,10.675164,True,210.88746643066406
2112.3036180190393,209.86887,10.677235,True,209.86886596679688
2112.3240496288054,147.32411,10.675962,True,147.32411193847656
2112.3444811385707,97.514206,10.675022,True,97.51420593261719
2112.3649128483303,151.39064,10.675267,True,151.39064025878906
2112.3853444581546,147.99086,10.675429,True,147.99085998535156
2112.4057759680363,164.87753,10.67635,True,164.87753295898438
2112.4262076779123,173.97858,10.676286,True,173.97857666015625
2112.5896605580056,63.40212,10.680435,True,63.40211868286133
2112.6305237783454,165.76137,10.681619,True,165.76136779785156
2112.650955388577,185.5131,10.681931,True,185.5131072998047
2112.6713869988307,182.49272,10.682371,True,182.4927215576172
2112.7939766610507,152.40141,10.68429,True,152.4014129638672
2112.814408371516,78.03679,10.8268585,True,78.03678894042969
2112.8348399820316,93.46947,10.826291,True,93.46946716308594
2112.855271492612,153.65082,10.827989,True,153.65081787109375
2112.8757032031936,154.17903,10.828471,True,154.1790313720703
2112.8961348137964,67.89294,10.827555,True,67.89293670654297
2112.9165665244655,77.05437,10.826618,True,77.05436706542969
2113.0187244782865,41.45112,10.82847,True,41.45111846923828
2113.0391561891593,72.63076,10.828216,True,72.6307601928711
2113.0595877000887,32.64913,10.828007,True,32.649131774902344
2113.0800193110117,83.94982,10.829619,True,83.94982147216797
2113.100451022001,114.20289,10.830225,True,114.20288848876953
2113.120882533047,75.30661,10.833219,True,75.30661010742188
2113.2843355225923,89.35098,10.84371,True,89.35098266601562
2113.4273569030192,37.139595,10.847908,True,37.13959503173828
2113.468220026385,147.70146,10.849701,True,147.7014617919922
2113.4886517380946,90.71178,10.849634,True,90.71177673339844
2113.50908324981,22.88879,10.848751,True,22.888790130615234
2113.529514961643,87.67163,10.849614,True,87.671630859375
2113.5499465735047,51.817387,10.848872,True,51.817386627197266
2113.5703780854165,174.43092,10.852532,True,174.43092346191406
2113.590809797366,146.17839,10.852043,True,146.1783905029297
2113.611241409337,153.52142,10.85288,True,153.52142333984375
2113.6316729213722,142.54767,10.852657,True,142.54766845703125
2113.6929677577646,38.06118,10.853916,True,38.061180114746094
2113.7542627945077,174.12039,10.856973,True,174.12039184570312
2113.7746943068632,154.81177,10.856971,True,154.811767578125
2113.7951259192487,168.841,10.857077,True,168.84100341796875
2113.815557531656,74.4261,10.856802,True,74.42610168457031
2113.8359892441586,198.67957,10.856952,True,198.6795654296875
2113.8564207566815,222.62872,10.857865,True,222.62872314453125
2113.8768524692423,6.7763824,10.854947,True,6.7763824462890625
2113.897283981889,146.07071,10.85726,True,146.07070922851562
2113.979010532814,282.91504,10.865479,True,282.9150390625
2113.999442145665,260.85745,10.864057,True,260.8574523925781
2114.0198736585735,244.87012,10.865132,True,244.8701171875
2114.0403053715054,273.72964,10.865902,True,273.7296447753906
2114.060736984502,217.25357,10.864954,True,217.25357055664062
2114.081168497556,172.26793,10.865002,True,172.26792907714844
2114.1016002106335,163.56233,10.865216,True,163.5623321533203
2114.1220318237756,201.61514,10.865968,True,201.61514282226562
2114.1424635369767,107.91992,10.865479,True,107.919921875
2114.2241898902284,119.38794,10.868233,True,119.387939453125
2114.2446215036907,149.22717,10.869563,True,149.2271728515625
2114.2650532171538,162.81624,10.870672,True,162.8162384033203
2114.2854847306953,117.08606,10.869784,True,117.0860595703125
2114.305916444304,150.6723,10.869945,True,150.67230224609375
2114.326348057941,36.02826,10.870257,True,36.02825927734375
2114.3467796716286,77.98274,10.868874,True,77.98274230957031
2114.367211285382,7.536442,10.868086,True,7.536441802978516
2114.3876428991643,77.286896,10.86964,True,77.28689575195312
2114.5102325830667,216.72498,10.876046,True,216.7249755859375
2114.530664297221,201.72371,10.876654,True,201.7237091064453
2114.5510958114683,193.27174,10.877204,True,193.27174377441406
2114.5715274257454,232.3005,10.87957,True,232.30050659179688
2114.591959140045,214.76184,10.878699,True,214.7618408203125
2114.612390654438,138.44453,10.878931,True,138.4445343017578
2114.63282226889,220.40094,10.881111,True,220.40093994140625
2114.7554120566638,170.46877,10.882968,True,170.46876525878906
2114.837138516319,15.04438,10.88192,True,15.044380187988281
2114.8575700313813,138.38367,10.884341,True,138.3836669921875
2114.878001746474,64.08594,10.882855,True,64.0859375
2115.123181232375,204.70648,10.879374,True,204.70648193359375
2115.245770928559,156.31526,10.888778,True,156.3152618408203
2115.327497393926,102.53795,10.890598,True,102.53794860839844
2115.368360726956,95.87369,10.891324,True,95.87368774414062
2115.531813661728,175.41245,10.8941555,True,175.41244506835938
2115.572676896074,87.62345,10.895401,True,87.62345123291016
2115.593108513349,104.792244,10.896653,True,104.79224395751953
2115.6135401306747,189.99806,10.897289,True,189.99806213378906
2115.73612983607,30.380058,10.899211,True,30.38005828857422
2115.7974246896774,96.486595,10.900784,True,96.4865951538086
2115.8178564076807,68.07921,10.90133,True,68.07920837402344
2115.838288025734,62.940067,10.901663,True,62.940067291259766
2115.8587195438813,106.34711,10.902129,True,106.34710693359375
2115.9608776356326,68.227356,10.903749,True,68.22735595703125
2116.00174097281,54.3392,10.903285,True,54.33919906616211
2116.0221724915173,64.30289,10.903862,True,64.30288696289062
2116.042604210277,31.343594,10.903276,True,31.34359359741211
2116.063035829109,19.84401,10.903349,True,19.844009399414062
2116.083467448021,76.82937,10.903802,True,76.8293685913086
2116.206057262978,94.80681,10.907039,True,94.80680847167969
2116.2469204018853,121.879486,10.909002,True,121.87948608398438
2116.267352121431,55.900055,10.907874,True,55.900054931640625
2116.287783741078,80.57699,10.908698,True,80.57698822021484
2116.308215360783,29.829807,10.909407,True,29.82980728149414
2116.3286469805607,47.522198,10.910416,True,47.52219772338867
2116.3490786004186,95.97216,10.910603,True,95.97216033935547
2116.4716683211227,108.90033,10.910061,True,108.90032958984375
2116.492100041498,90.11883,10.91112,True,90.11882781982422
2116.512531561966,174.38385,10.913265,True,174.38385009765625
2116.655553007302,62.031178,10.905855,True,62.03117752075195
2116.675984528396,18.120186,10.905396,True,18.12018585205078
2116.696416249535,119.32365,10.908809,True,119.32364654541016
2117.2072069044007,41.403133,10.918407,True,41.403133392333984
2119.7815928764903,27.647884,10.989181,True,27.647884368896484
2120.0063408759306,7.4204674,10.9993925,True,7.420467376708984
2120.0267726129387,59.969852,11.000717,True,59.969852447509766
2120.1493624374125,95.03629,11.0068445,True,95.03629302978516
2120.2719522661646,5.0757103,11.010614,True,5.075710296630859
2120.476268756902,32.900505,11.019624,True,32.90050506591797
2120.5171320366208,12.264,11.021607,True,12.263999938964844
2121.0483548166158,22.056496,11.043619,True,22.056495666503906
2121.0892182031967,107.85891,11.04916,True,107.8589096069336
2121.109649846723,137.71582,11.049792,True,137.7158203125
2121.130081390329,134.71231,11.050953,True,134.71231079101562
2121.170944777994,139.6847,11.053566,True,139.6846923828125
2121.456987806101,97.34992,11.066244,True,97.34992218017578
2121.4774195519276,108.249054,11.06687,True,108.24905395507812
2121.497851097949,114.49505,11.067086,True,114.49504852294922
2121.620441076644,208.61655,11.073911,True,208.61654663085938
2121.6613043706457,259.52747,11.077157,True,259.5274658203125
2121.6817360178393,269.96347,11.078959,True,269.9634704589844
2121.7021676651493,348.47424,11.081995,True,348.4742431640625
2127.995124438101,31.611824,11.284214,True,31.61182403564453
2128.158578046947,161.33487,11.293181,True,161.33486938476562
2128.2811682624597,306.92468,11.302869,True,306.9246826171875
