Time,Flux
2061.326267155564,-5234.982
2061.346699346468,-5133.29
2061.3671314373787,-5198.129
2061.3875637273595,-5181.27
2061.4079959173396,-5210.697
2061.428428206382,-5031.2695
2061.4692924840056,-4957.9185
2061.489724771658,-5097.2114
2061.510156859309,-5016.9585
2061.530589046495,-5171.672
2061.5510213327434,-4975.7188
2061.571453518998,-5148.848
2061.5918856047792,-5020.3623
2061.612317889638,-5163.5405
2061.6327500744956,-4995.6064
2061.653182158887,-5030.7593
2061.673614442807,-4886.913
2061.6940466262677,-5140.2397
2061.71447880879,-5009.0464
2061.7349109913193,-5258.465
2061.755343173383,-5114.9985
2061.775775354974,-4974.3345
2061.7962075361065,-5018.1167
2061.8166397167734,-5218.6157
2061.8370718969672,-4885.3794
2061.8575040767028,-5104.5195
2061.877936155972,-5089.499
2061.8983684347695,-4942.705
2061.918800613108,-4996.1597
2061.939232790981,-5212.986
2061.959664968381,-5183.944
2061.980097145788,-5119.5156
2062.0005294222647,-5135.0034
2062.020961498267,-5175.124
2062.0413936738114,-5177.4575
2062.0618259493567,-5184.654
2062.082258023962,-5211.3213
2062.1026901981095,-5115.1157
2062.123122471792,-5152.852
2062.143554645467,-5312.312
2062.1639867182166,-5131.675
2062.20485116278,-5180.8926
2062.2252832345985,-5023.7983
2062.245715505487,-5057.8804
2062.266147676368,-5128.883
2062.2865797463237,-5093.9243
2062.307012016281,-4921.938
2062.327444185299,-5141.5386
2062.347876454325,-5274.6196
2062.368308522884,-5110.2104
2062.3887406909707,-5036.724
2062.409172958134,-5078.8345
2062.429605025296,-5058.676
2062.4500371919858,-5061.8374
2062.470469358217,-5132.3223
2062.4909015239828,-5052.5464
2062.5113336892755,-5080.7085
2062.53176585411,-5029.587
2062.5521980184785,-5044.555
2062.5726301823743,-5197.3364
2062.5930623458116,-5039.3706
2062.6134945087833,-5257.234
2062.633926671282,-5124.89
2062.6543589333232,-5129.1875
2062.674790994897,-5006.2256
2062.6952232564654,-5171.9316
2062.715655417109,-5160.8994
2062.7360874772858,-5088.1045
2062.756519737457,-5078.8687
2062.7769518967034,-5102.6675
2062.7973839554834,-5002.432
2062.8178162142576,-5070.727
2062.838248372107,-5040.3257
2062.8586804299557,-4955.4136
2062.879112687333,-5001.907
2062.8995448437854,-5089.9854
2062.919976900237,-4922.9023
2062.9404091562174,-5152.9106
2062.960841311273,-5329.444
2062.9812734663283,-5160.7695
2063.001705620911,-5011.2817
2063.022137775035,-5145.7036
2063.042569928686,-5108.4033
2063.063002081879,-5142.6665
2063.083434234606,-5176.883
2063.103866486861,-5283.145
2063.124298638657,-5206.7476
2063.1447306899863,-5268.4263
2063.1651629408443,-5217.2993
2063.185595091243,-5152.6187
2063.2060271416412,-5167.9097
2063.2264593911023,-5186.266
2063.2468914401034,-5100.595
2063.267323589105,-5105.3857
2063.2877558371692,-5239.4307
2063.308187885239,-5032.4272
2063.3286200323782,-4992.093
2063.349052279511,-5197.0737
2063.369484325718,-5074.3335
2063.389916471926,-5038.7876
2063.4103487176617,-5335.927
2063.4307807629375,-5131.4165
2063.4512129072828,-5142.605
2063.4716451516215,-5159.1567
2063.492077295501,-5281.5435
2063.512509438915,-5235.462
2063.532941581856,-5140.3
2063.5533737243386,-5162.4683
2063.5738058663555,-5086.0073
2063.594238008365,-5186.7646
2063.614670149451,-5278.271
2063.6351023900643,-5003.995
2063.675966570372,-5076.5576
2063.696398809596,-5392.9375
2063.716830848811,-5274.513
2063.7372629871024,-4976.7803
2063.7576952253876,-5091.5894
2063.778127263213,-5065.5522
2063.7985594001075,-5039.066
2063.818991637003,-5022.7188
2063.839423673424,-5198.1875
2063.859855809387,-5158.013
2063.8802880448784,-5083.661
2063.9007200799097,-5199.933
2063.921152314477,-5049.6123
2063.9415844485775,-5280.652
2063.9620164822045,-5108.2544
2063.9824487153746,-5087.157
2064.002880848071,-5157.235
2064.023312880774,-5158.3115
2064.043745112547,-5222.2715
2064.064177243854,-5055.8833
2064.0846092751526,-5119.525
2064.105041505529,-5324.2646
2064.125473635897,-4783.6953
2064.574980489553,-5277.7563
2064.595412609684,-5237.8774
2064.615844629341,-5217.0757
2064.6362768485415,-5178.454
2064.656708967741,-5341.5737
2064.7384373384702,-5379.835
2064.7588695553422,-5251.941
2064.779301571747,-5323.5615
2064.799733787215,-5231.7715
2064.820165902689,-5253.0366
2064.8405980176976,-5245.088
2064.8610301322333,-5323.7114
2064.901894359922,-5239.687
2064.922326473061,-5263.384
2064.9427585862068,-5037.2974
2064.9631906984214,-5350.2754
2064.983622910164,-5225.8247
2065.004054921912,-5128.345
2065.0244870327297,-5347.844
2065.044919243541,-5186.7754
2065.0653512534263,-5244.3364
2065.0857833633127,-5307.287
2065.106215572727,-5288.311
2065.126647581681,-5302.7026
2065.1470796901704,-5323.039
2065.1675118981875,-5242.1313
2065.1879439057448,-5060.4204
2065.208376112838,-5176.345
2065.228808219923,-5262.902
2065.249240226083,-5233.9478
2065.2696724317793,-5331.237
2065.2901045374674,-5321.3267
2065.310536642697,-5200.074
2065.3309687469955,-5310.053
2065.3514008512866,-5435.189
2065.3718329551193,-5271.2866
2065.3922650584864,-5349.586
2065.4126971613805,-5194.9053
2065.433129263816,-5304.3706
2065.4535613657863,-5332.9854
2065.4739934672834,-5345.09
2065.4944254683214,-5206.8135
2065.514857669361,-5186.013
2065.535289769461,-5113.5176
2065.5557217695678,-5279.131
2065.576153969203,-5290.7485
2065.5965860679134,-5242.1914
2065.6374502648687,-5299.468
2065.6578823626405,-5242.0703
2065.6783145599547,-5216.72
2065.6987465567945,-5274.841
2065.7191786531766,-5384.142
2065.7396108495595,-5106.674
2065.7600428450096,-5012.7217
2065.780474940453,-5309.0303
2065.8009071349734,-5373.9814
2065.8213392294856,-5197.0415
2065.8417712235387,-5245.5244
2065.862203416662,-5220.008
2065.882635509777,-5190.9287
2065.9030675024333,-5341.6655
2065.923499694625,-5316.4775
2065.943931786809,-5255.251
2065.964363778068,-5213.419
2065.984795968863,-5118.693
2066.00522805965,-5232.865
2066.025660049512,-5379.387
2066.046092239376,-5330.1123
2066.066524328766,-5339.0776
2066.0869565172325,-5176.8364
2066.1278205936906,-5249.584
2066.148252681225,-5339.6226
2066.168684768294,-5103.5015
2066.1891168553557,-5178.2637
2066.2095489414933,-5179.3857
2066.229981027631,-5079.4434
2066.25041311283,-5239.774
2066.270845198036,-5260.7485
2066.291277282311,-5331.405
2066.3117093665787,-5301.6807
2066.3321415503888,-5316.3447
2066.3730056166023,-5322.6665
2066.393437799481,-5290.2466
2066.413869781427,-5343.508
2066.4343018629006,-5136.6123
2066.4547340443823,-5206.01
2066.4751660249312,-5219.613
2066.4955981054736,-5165.75
2066.5160302855584,-5167.413
2066.536462265176,-5119.8984
2066.556894444322,-5202.5244
2066.577326523009,-5425.856
2066.5977585012297,-5265.645
2066.618190678979,-5300.7876
2066.6386227567345,-5150.762
2066.659054833559,-5177.909
2066.679486910376,-5258.4263
2066.6999189867347,-5187.2188
2066.720351062162,-5341.21
2066.740783137582,-5371.5415
2066.761215212544,-4738.2354
2066.78164728704,-5173.545
2066.802079461064,-5413.9653
2066.8225114350935,-5168.671
2066.8633755812843,-5300.2207
2066.883807653452,-5252.552
2066.90423972562,-5271.773
2066.9246718973154,-5319.639
2066.945103868551,-5297.26
2066.965535839321,-5369.2075
2066.9859680096197,-5327.7954
2067.006400079459,-5431.183
2067.026832249292,-5435.6846
2067.0472642181994,-5413.8154
2067.0676962871075,-5333.553
2067.088128455085,-5186.8247
2067.108560423054,-5325.225
2067.128992490565,-5367.4
2067.149424657604,-5292.074
2067.169856724184,-5269.222
2067.190288690297,-5248.079
2067.210720856412,-5288.657
2067.2311529215876,-5338.6396
2067.2515848867697,-5203.4263
2067.2720170510147,-5265.1895
2067.292449115266,-5405.0117
2067.3128810790513,-5228.7876
2067.3537453052195,-5247.2695
2067.3946094295243,-5283.4883
2067.4150414914475,-5349.877
2067.4354734524386,-5180.539
2067.4559056134312,-5275.81
2067.47633767395,-5416.108
2067.4967698340115,-5244.1
2067.5172017935984,-5314.6904
2067.5376338527276,-5351.0894
2067.558066011392,-5176.1074
2067.578497969589,-5299.581
2067.5989300277797,-5334.8633
2067.619362085512,-5243.319
2067.6397942423064,-5314.0054
2067.6602261991065,-5165.1523
2067.680658255442,-5321.7686
2067.701090311304,-5120.8774
2067.721522366708,-5286.0034
2067.741954521647,-5180.8735
2067.7623864765774,-5232.2827
2067.7828185305843,-5320.691
2067.803250684592,-5271.275
2067.844114691201,-5280.436
2067.8645468438117,-5346.5093
2067.884978795948,-5311.219
2067.9054109476274,-5195.989
2067.9258429988404,-5235.624
2067.9462749500453,-5075.748
2067.9667071007934,-5369.3765
2067.9871391506094,-5241.7188
2068.007571200418,-5249.7695
2068.0280032497685,-5214.226
2068.048435298653,-5184.205
2068.1097314429717,-5380.375
2068.130163490452,-5232.1274
2068.150595637475,-5065.829
2068.171027583565,-5135.0293
2068.1914596296483,-5190.7446
2068.21189177574,-5302.9663
2068.2323237208984,-5321.155
2068.252755765585,-5306.9194
2068.2731879102794,-5320.07
2068.293619854041,-5446.778
2068.314051897796,-5265.6416
2068.3344840410937,-5322.606
2068.354915983924,-5255.576
2068.375348126283,-5359.5537
2068.395780068182,-5279.5005
2068.4162121100817,-5348.955
2068.4366442510436,-5291.491
2068.4570761920113,-5292.751
2068.477508232514,-5393.6743
2068.497940372079,-5351.1743
2068.5183723116497,-5343.081
2068.538804351221,-5218.42
2068.559236489855,-5355.3345
2068.5796685280293,-5329.5674
2068.600100466203,-5263.321
2068.6205326039053,-5269.254
2068.640964640683,-5249.279
2068.6613965774595,-5318.305
2068.6818287142305,-5235.4785
2068.7022607500767,-5140.877
2068.7226926854564,-5180.913
2068.7431248208304,-5358.936
2068.7635568552796,-5307.4595
2068.7839889897223,-5274.5044
2068.824852957223,-5228.3765
2068.8452850902686,-5158.3755
2068.86571702332,-5231.167
2068.886149055441,-5198.0337
2068.9065811875553,-5176.692
2068.927013118744,-5259.962
2068.9474451499336,-5316.3896
2068.967877280651,-5034.345
2068.9883093109092,-5164.9614
2069.0087412411667,-5187.915
2069.029173370487,-5207.1826
2069.049605399814,-5404.6406
2069.070037328209,-5239.3115
2069.090469456598,-5220.8794
2069.110901384527,-5309.226
2069.1313334119914,-5222.5435
2069.151765539449,-5196.855
2069.172197565982,-5241.2285
2069.1926294925142,-5270.3647
2069.2130616181094,-5384.1123
2069.23349354371,-5200.45
2069.253925668847,-5041.032
2069.27435769351,-5053.3228
2069.3152217419192,-5388.2495
2069.335653765651,-5279.0874
2069.356085688458,-5134.58
2069.3765178112662,-5248.1187
2069.396949833601,-5320.138
2069.4173818554773,-5347.92
2069.4378138773536,-5199.5674
2069.4582458982914,-5364.365
2069.4786779192364,-5278.311
2069.4991099397157,-5269.6094
2069.5195419592565,-5007.4854
2069.5604060983533,-5135.7983
2069.580838016962,-5315.947
2069.6012700355786,-5221.886
2069.621702153265,-5246.9526
2069.642134070942,-5252.6787
2069.6625661881626,-5237.95
2069.6829982049167,-5026.025
2069.703430121197,-5237.4727
2069.723862237486,-5163.3555
2069.7442942528432,-5387.495
2069.7647261681923,-4994.655
2069.7851582830845,-5272.077
2069.80559029751,-5249.9507
2069.8260222114623,-5329.0664
2069.8464543249574,-5260.8394
2069.866886238451,-5321.631
2069.8873183514734,-5322.0933
2069.907750363571,-5269.513
2069.9281823756683,-5239.68
2069.948614287292,-5098.236
2069.9690463989245,-5139.7085
2069.989478409625,-5201.266
2070.0099103203174,-5089.383
2070.0712065491534,-5344.2397
2070.091638458456,-5528.542
2070.1120704668283,-5114.881
2070.1325025747283,-5234.6143
2070.152934482634,-5306.9355
2070.1733664900676,-5248.4253
2070.1937985970435,-5452.796
2070.2142305035522,-5194.96
2070.234662509596,-5352.2075
2070.2550946156334,-4781.748
2070.2959585258504,-5379.3945
2070.316390630498,-5271.4526
2070.3368225346785,-5284.9277
2070.3572545388597,-5273.78
2070.377686642103,-5205.799
2070.398118645353,-5420.509
2070.418550548129,-5341.858
2070.4389826504485,-5255.241
2070.4594146523013,-5339.52
2070.479846553688,-5219.3896
2070.500278654603,-5269.8896
2070.541142755974,-5167.999
2070.5615746559633,-5229.6265
2070.582006555487,-5078.0776
2070.6024386545396,-5322.086
2070.6228706535985,-5313.556
2070.6433025517254,-5430.464
2070.6637346498464,-5173.4795
2070.6841666475084,-5304.9263
2070.704598544704,-5212.3066
2070.725030641428,-5486.1895
2070.7454626381586,-5255.626
2070.765894633958,-5389.364
2070.78632662975,-5305.9146
2070.8067586250836,-5146.867
2070.8271906199516,-5180.228
2070.8476226148123,-5334.3306
2070.868054608749,-5415.498
2070.8884866026856,-5293.239
2070.90891869615,-5312.8125
2070.9293505891546,-5179.741
2070.949782681695,-5254.173
2070.990646565835,-5193.96
2071.031510648114,-5388.3867
2071.05194253879,-5461.7866
2071.072374629468,-5239.9683
2071.0928066192064,-5495.1987
2071.1132385089513,-5279.2534
2071.1336705977665,-5089.6416
2071.1541025865736,-5187.0967
2071.1745344749215,-5115.5166
2071.194966563271,-5201.474
2071.215398550681,-5189.5845
2071.2358305380985,-5213.454
2071.2971264975495,-5152.461
2071.317558483104,-4975.026
2071.3379904686517,-5103.182
2071.358422453741,-5431.7856
2071.3788544378986,-5086.4307
2071.3992864225147,-5118.2812
2071.4197185062076,-5224.495
2071.4401503894333,-5052.856
2071.4605823726524,-5368.0605
2071.481014455414,-5172.081
2071.5014463377083,-5247.27
2071.542310400895,-5152.078
2071.5831742626833,-4985.7095
2071.6036063431166,-5069.191
2071.6240382230826,-5113.214
2071.644470203042,-5384.991
2071.685334161113,-5302.6826
2071.7057661396757,-5099.609
2071.7261982177806,-5309.329
2071.746630195412,-4995.373
2071.7670621725847,-5037.042
2071.7874941497575,-5228.1904
2071.8079261264647,-5254.894
2071.828358102699,-5356.901
2071.848790078475,-5237.471
2071.869222053778,-5227.006
2071.8896541290887,-5386.829
2071.9100860039325,-5358.3203
2071.9305179778457,-5252.144
2071.950950052218,-5024.787
2071.971381925665,-5050.5054
2072.0326778441377,-5530.1626
2072.053109816188,-5420.0957
2072.073541787766,-5277.091
2072.093973759351,-5300.581
2072.1144057304627,-5242.3726
2072.1348377006507,-5197.0835
2072.1552696708386,-5227.563
2072.1757016410265,-5061.237
2072.196133610276,-5154.0894
2072.236997648317,-5518.463
2072.257429616642,-5219.21
2072.277861484501,-5218.0576
2072.2982935518885,-5279.894
2072.3187255192825,-5276.7295
2072.33915738621,-5330.569
2072.359589452666,-5297.059
2072.380021418663,-5330.8677
2072.4208853497184,-5344.1743
2072.441317314784,-5440.842
2072.4617491793833,-5253.71
2072.5026132076455,-5473.1924
2072.5230450708477,-5351.834
2072.543477134044,-5416.298
2072.5639090967816,-5321.3525
2072.5843410590533,-5296.2046
2072.6047730213177,-5407.3433
2072.666068904866,-5075.362
2072.686500865275,-5379.252
2072.7069329256774,-5310.644
2072.747796744632,-5249.778
2072.768228803645,-5330.1978
2072.7886607626497,-5194.2363
2072.8090926207296,-5417.8374
2072.829524678804,-5421.1895
2072.849956536418,-5402.7393
2072.8703884935676,-5354.1475
2072.890820550252,-5484.379
2072.911252406928,-5423.305
2072.9316843626802,-5274.717
2072.952116418426,-5146.8145
2072.992980228999,-5237.231
2073.013412283355,-5150.5327
2073.0338441377025,-5058.903
2073.054276191593,-5165.718
2073.07470814501,-5272.398
2073.095140098434,-5246.7397
2073.115572050927,-5333.7915
2073.1564359554395,-5355.366
2073.1768679074667,-5255.7495
2073.197299858555,-5137.5947
2073.238163860282,-5462.912
2073.2585957104457,-5045.7905
2073.279027660137,-5245.1016
2073.299459709837,-5046.9614
2073.3198915585963,-5198.1646
2073.340323507364,-5340.757
2073.360755556132,-5209.374
2073.3811874039675,-5218.3745
2073.4016193517964,-5181.3916
2073.4220512987013,-5289.565
2073.4424832460645,-5131.4385
2073.4629152925045,-5290.4243
2073.4833471384773,-5172.4116
2073.503779084451,-5209.3945
2073.524211129952,-5175.014
2073.5446429749936,-5145.081
2073.5650749200286,-5256.527
2073.58550696414,-5043.3335
2073.605938908251,-5089.182
2073.6263707518956,-5231.2153
2073.667234738248,-4999.342
2073.6876665804884,-5072.31
2073.7285305649857,-5205.4897
2073.748962406302,-5153.9956
2073.7693944471466,-5164.797
2073.789826387998,-5124.253
2073.8102582283755,-5145.082
2073.830690268762,-4944.7925
2073.851122208216,-5123.335
2073.871554247664,-5070.0137
2073.8919860866517,-4945.412
2073.9124180251747,-5170.921
2073.9328500632255,-4935.5977
2073.9737138388737,-5413.914
2073.994145875993,-5104.383
2074.0145777126527,-5166.8525
2074.035009649313,-4982.4883
2074.055441685501,-5021.127
2074.07587362123,-5145.1035
2074.0963054564927,-5067.502
2074.116737491284,-5114.1743
2074.1371693260808,-5149.2886
2074.157601260413,-5225.063
2074.1780332942726,-5139.9155
2074.218897061073,-5201.989
2074.2393290940017,-5201.682
2074.2597609264703,-5192.115
2074.280192858474,-5195.788
2074.300624890471,-5142.1807
2074.3210567220085,-5221.402
2074.3414887530816,-5324.555
2074.361920683681,-5197.125
2074.402784543963,-5210.265
2074.4232164736313,-5211.7188
2074.443648402841,-5159.678
2074.464080332051,-5168.025
2074.484512260322,-5134.578
2074.5049441886003,-5079.807
2074.525376116413,-5178.4204
2074.5458080442186,-5323.7524
2074.5662399715657,-5117.1963
2074.586671997982,-5219.1475
2074.60710382439,-5211.89
2074.6275357508057,-5183.7554
2074.6479677762836,-5280.4365
2074.6683996017673,-5162.65
2074.7092635517984,-5179.8896
2074.729695375885,-5365.8877
2074.7501273999733,-5118.8066
2074.770559323588,-5324.849
2074.790991146743,-5429.8804
2074.8114231699,-5065.7363
2074.8318550921176,-5074.356
2074.8522869143417,-5295.3755
2074.8727189365673,-5013.214
2074.8931507578527,-5231.52
2074.913582679146,-5166.099
2074.954446520336,-5260.933
2074.974878440691,-5061.9766
2074.9953104601227,-5173.354
2075.0157423795463,-5190.2866
2075.0361741989764,-5193.5845
2075.0566062174767,-5141.1343
2075.077038135969,-5139.9175
2075.097469954002,-5093.991
2075.117901971571,-5180.684
2075.1383338886662,-4925.49
2075.1587659057695,-5024.5073
2075.1791977224057,-5338.0654
2075.1996296385696,-5203.027
2075.2200616547416,-5053.795
2075.2404934699807,-5242.789
2075.2609253852133,-5203.1255
2075.2813573999883,-5032.702
2075.301789214762,-5215.5703
2075.322221129063,-5169.969
2075.342653142907,-5062.426
2075.3630849562833,-5161.149
2075.3835168691876,-5153.0503
2075.4039488821,-5094.3433
2075.444812606518,-5323.6504
2075.465244618499,-5178.167
2075.485676529548,-5265.137
2075.506108340589,-5241.0103
2075.5265403516387,-5249.68
2075.5469722617563,-5178.626
2075.5674041718667,-5089.85
2075.5878360815186,-5262.1694
2075.608267990705,-5240.263
2075.628699899651,-5239.8896
2075.6491318083717,-5153.2275
2075.6899956246416,-5156.608
2075.710427532198,-5247.3496
2075.730859339521,-5039.421
2075.7512913463725,-5205.3955
2075.7717232529976,-5247.2334
2075.7921550591564,-5111.605
2075.8125870650765,-4905.1904
2075.8330189705375,-5020.2495
2075.8534508757657,-5135.938
2075.873882780521,-4948.8657
2075.8943146850506,-5029.0127
2075.9351784929386,-5160.9517
2075.955610396537,-5119.974
2075.976042399663,-5144.123
2075.99647430233,-5102.381
2076.0169061047636,-5072.13
2076.0373381069658,-5091.361
2076.057770008694,-4993.208
2076.0782018099635,-5112.6724
2076.098633811227,-5114.537
2076.1190657117986,-5023.19
2076.1394975121366,-5188.165
2076.1599295122433,-5157.463
2076.180361412109,-5170.1084
2076.200793211283,-5168.926
2076.221225210451,-5204.124
2076.24165710916,-5192.048
2076.262089007403,-5264.8125
2076.2825209054135,-5206.531
2076.302952803184,-5095.5527
2076.323384700496,-5153.9365
2076.343816597335,-5129.655
2076.364248494181,-5201.1255
2076.384680390329,-5233.8613
2076.4255441819187,-5261.739
2076.445976077368,-5260.265
2076.4664079723443,-5200.681
2076.4868398668623,-5317.5586
2076.507271861148,-5181.7217
2076.5277036551997,-5065.775
2076.548135548779,-5065.384
2076.568567541901,-5319.5386
2076.588999335014,-5121.0586
2076.6094312274363,-5135.085
2076.6298632198595,-5276.4067
2076.6707269032995,-5352.635
2076.6911588945586,-5304.6587
2076.7115906853433,-5355.516
2076.732022576136,-5350.165
2076.752454566231,-5259.6577
2076.772886356084,-5205.24
2076.7933183457135,-5196.862
2076.8137502348764,-5333.4307
2076.834182123799,-5306.811
2076.8546140124963,-5159.0444
2076.875045900728,-5192.496
2076.915909776253,-5346.3057
2076.9363415633197,-5394.5664
2076.95677345038,-5291.516
2076.9772054367495,-5280.2725
2076.9976372231176,-5311.3086
2077.0180691090136,-5177.2026
2077.038500994451,-5223.834
2077.058932879656,-5289.1562
2077.0793647646205,-5344.966
2077.099796649127,-5454.9404
2077.1202285334,-5225.2246
2077.140660317433,-5421.8354
2077.1610923010085,-5153.6577
2077.1815241841177,-5311.3257
2077.2019561669877,-5121.744
2077.2223879496305,-5176.0063
2077.2428198318084,-5173.889
2077.263251813747,-5220.625
2077.2836835954586,-5092.0464
2077.304115476705,-5045.633
2077.3245474574796,-5144.645
2077.3449793380278,-5152.605
2077.3654111183423,-5149.304
2077.4062749778022,-5229.609
2077.4267067571855,-5317.4077
2077.4471387360973,-5183.359
2077.4675706147827,-5339.422
2077.488002393002,-5288.591
2077.5084343709823,-5163.407
2077.5288662485036,-5315.129
2077.5492980257914,-5259.974
2077.5697300028405,-5232.387
2077.5901618794305,-5287.2554
2077.610593855781,-5152.1094
2077.6514575073306,-5156.519
2077.67188948275,-5387.73
2077.6923212577094,-5274.644
2077.712753132437,-5142.847
2077.733185106692,-5307.269
2077.75361688072,-5296.9727
2077.7740487542833,-5269.846
2077.794480627839,-5315.6997
2077.8149126007047,-5337.2803
2077.8353443735687,-5254.978
2077.855776345961,-5236.895
2077.9170719610556,-5392.678
2077.957935702827,-5381.314
2077.978367573356,-5400.9424
2077.998799343426,-5389.1035
2078.0192313132648,-5181.641
2078.0396631826297,-5211.5996
2078.0600949517684,-5088.843
2078.0805269206758,-5381.6333
2078.1009587891094,-5160.847
2078.14182252506,-5177.501
2078.1622543925623,-5411.943
2078.182686259839,-5008.5386
2078.20311812665,-4946.023
2078.2235499932212,-5028.669
2078.2439818595667,-5232.3877
2078.2644137254465,-4995.3667
2078.3257094212167,-5162.257
2078.3461411856915,-5250.435
2078.448300604141,-4232.6406
2078.5300279529765,-4817.6587
2078.570891675423,-5197.687
2078.591323536173,-4889.997
2078.632187256757,-4721.683
2078.67305107617,-4782.821
2078.6934829352977,-4836.649
2078.7139146941845,-4660.3013
2078.7343466528473,-4813.5503
2078.775210369,-5190.7983
2078.877369653688,-4926.7046
2078.89780160955,-5134.192
2078.95909717575,-5029.6113
2078.979528930453,-5117.6646
2078.999960784924,-5024.0957
2079.0408244929276,-5281.079
2079.0612563462346,-5275.158
2079.081688299535,-4993.663
2079.1225519049767,-5235.061
2079.1429838571203,-5141.0273
2079.1634157090302,-5186.541
2079.2042794119116,-4992.2764
2079.22471126289,-4944.376
2079.245143113396,-5049.892
2079.265574963909,-4836.8755
2079.2860067139554,-4933.8364
2079.3064386635306,-5058.4165
2079.3268705128794,-4878.278
2079.3473022619946,-5004.9634
2079.3677342108713,-5237.019
2079.388166059289,-5116.572
2079.4085978074727,-5222.1133
2079.429029755185,-5126.8306
2079.449461602904,-5137.055
2079.469893349924,-5096.467
2079.490325296938,-5157.3516
2079.510757143493,-5056.2266
2079.531188989815,-5024.7876
2079.551620835664,-5179.2695
2079.5720526815203,-5128.612
2079.592484626679,-5014.6763
2079.6129163718288,-5077.592
2079.633348216521,-5243.2256
2079.653780160981,-5045.569
2079.6742120049676,-4949.4185
2079.6946437489605,-4927.67
2079.7150756922565,-5288.0776
2079.7355075355445,-4817.6084
2079.7559392783733,-4938.6294
2079.7763712209708,-4836.4307
2079.7968030633274,-4859.0576
2079.817234805225,-4649.111
2079.8580985880835,-5115.5103
2079.8785303292825,-4880.4883
2079.8989622700174,-4672.832
2079.9193941102785,-4857.5527
2079.939825850546,-4925.1255
2079.960257790117,-4820.964
2079.9806896296795,-4901.423
2080.001121468784,-4947.23
2080.0215533076553,-4835.1235
2080.0419851462866,-4864.4546
2080.0624169846924,-4615.779
2080.1032806603325,-4782.7866
2080.123712497574,-4824.0894
2080.144144334583,-4721.5044
2080.1645761713517,-4854.4316
2080.1850081078956,-4868.3486
2080.2054398439723,-4694.124
2080.2258716798096,-4883.1626
2080.2463036151894,-4534.7505
2080.2667353505676,-4772.6577
2080.2871671854737,-4803.393
2080.307599119922,-4721.3716
2080.3484626883437,-4633.752
2080.368894621861,-4570.068
2080.3893263553764,-4638.6504
2080.4097582884206,-4811.518
2080.4301901212384,-4547.1616
2080.4506218538227,-4530.694
2080.4710537859355,-4579.485
2080.491485617822,-4682.0835
2080.5119174494757,-4468.4663
2080.5323492806565,-4661.7393
2080.5527811116117,-4625.3906
2080.573212942327,-4729.7793
2080.5936447725835,-4794.5693
2080.61407660284,-4692.336
2080.6345084326313,-4785.492
2080.65494036195,-4820.3613
2080.6753720912748,-4768.6694
2080.695803920127,-4786.9487
2080.7162357485213,-4709.74
2080.7366675769154,-4869.3115
2080.757099304843,-4742.051
2080.777531232532,-4861.425
2080.797963059762,-4856.119
2080.838826713749,-4883.264
2080.8592585402803,-4832.357
2080.8796904663395,-4808.7515
2080.9001221921717,-4731.615
2080.920554017772,-4798.7783
2080.9409859431325,-4777.7876
2080.9614176680334,-4909.2725
2080.981849492702,-5057.7744
2081.0022814171316,-4910.3184
2081.0227132413347,-4942.347
2081.0635768885695,-4946.2954
2081.0840087118413,-4981.614
2081.1044404346467,-5048.7744
2081.1248723572135,-5013.113
2081.145304179554,-4896.631
2081.165735901661,-5076.527
2081.1861678232963,-5028.7524
2081.2065996447054,-4933.0767
2081.2270315658825,-5201.5557
2081.247463286585,-5174.6177
2081.2678951072958,-5044.4204
2081.2883270275415,-5133.199
2081.329190567092,-5209.395
2081.3496224864066,-5201.458
2081.3700542054794,-5174.5137
2081.3904860243274,-5006.7207
2081.4109178427098,-5116.028
2081.4517814787687,-5146.523
2081.4722132964525,-5097.2466
2081.4926451136635,-5111.297
2081.5130769308817,-5229.247
2081.5335087474014,-5119.7983
2081.553940563914,-5109.649
2081.574372379968,-5239.2124
2081.59480429579,-5184.6597
2081.61523601137,-5086.529
2081.6356679267265,-5040.343
2081.656099741609,-5067.0874
2081.6765314562654,-4976.1226
2081.6969633706904,-5111.833
2081.7173951848818,-5052.582
2081.7378268985995,-4888.284
2081.758258812093,-5088.371
2081.778690625346,-5079.0586
2081.8399860632635,-5206.6777
2081.860417875352,-5260.084
2081.8808496872152,-5171.3535
2081.9012814986054,-5336.387
2081.92171330977,-5242.9023
2081.9421451207018,-5155.809
2081.9625769314007,-5243.0273
2081.9830087416267,-5332.661
2082.00344055186,-5271.3335
2082.0238723616203,-5265.852
2082.044304270923,-5206.747
2082.064736080225,-5227.912
2082.0851677890605,-5162.362
2082.1055996976575,-5112.3286
2082.1260314060273,-5188.8506
2082.146463214158,-5335.744
2082.1668951218307,-5212.6934
2082.1873268292693,-5232.006
2082.207758636476,-5236.3574
2082.22819054321,-5198.2646
2082.24862224995,-5233.2476
2082.269054056218,-5252.085
2082.30991766807,-5285.981
2082.3303494734137,-5118.1396
2082.350781378751,-5170.672
2082.3712130836284,-5202.181
2082.3916448880336,-5268.5386
2082.412076792447,-5222.6753
2082.4325085966266,-5209.76
2082.4529404003333,-5252.225
2082.4733722038145,-5216.835
2082.49380400683,-5370.8667
2082.514235909839,-5317.5903
2082.534667612388,-5271.5034
2082.555099414705,-5436.493
2082.575531316783,-5315.3516
2082.5959630186335,-5199.8027
2082.616394820019,-5326.262
2082.6368267213984,-5271.201
2082.6572584223177,-5217.8115
2082.677690222772,-5296.4995
2082.69812212322,-5275.0327
2082.718553823208,-5197.6187
2082.7389856231966,-5359.687
2082.759417522713,-5141.178
2082.800281120828,-5208.4814
2082.8207129194125,-5162.1387
2082.8411446180035,-5231.535
2082.8615765158975,-5183.7173
2082.8820083137834,-5313.6763
2082.902440011443,-5136.697
2082.9228719086386,-5061.999
2082.9433037055933,-5127.707
2082.9637354023216,-5085.2437
2082.9841672988186,-4989.3276
2083.004599095075,-4896.0938
2083.025030790872,-5023.172
2083.0454626864375,-5069.549
2083.0658944817624,-5235.828
2083.086326176861,-5184.066
2083.1067580714953,-4989.794
2083.1271898661216,-4900.012
2083.147621560289,-5093.6694
2083.1680534542247,-4956.098
2083.1884852479197,-5123.1816
2083.20891714139,-5237.2124
2083.229348834393,-4999.9614
2083.2497806271567,-4978.3823
2083.290644212,-5088.584
2083.3110760040654,-5221.766
2083.331507895673,-5053.5156
2083.3519396872725,-5088.086
2083.372371378413,-5024.8135
2083.392803269322,-5042.0835
2083.4132350599975,-5201.4985
2083.4336667501993,-5111.676
2083.45409864041,-5130.059
2083.474530430147,-5174.43
2083.4949621196574,-5123.9917
2083.5153940089367,-5178.439
2083.5358257979824,-5065.2046
2083.556257686556,-5149.267
2083.5766893749023,-5121.8286
2083.5971211632423,-5047.3403
2083.617552951124,-5137.0557
2083.6379847387725,-4986.4644
2083.658416425955,-5199.432
2083.6788483131313,-5078.7065
2083.6992800998487,-5159.905
2083.719711786325,-5191.19
2083.7401436725777,-5055.191
2083.7810072443754,-5148.7
2083.8014390296958,-5197.884
2083.821870815016,-5267.6636
2083.8423025998636,-5058.2983
2083.8627343844855,-5236.007
2083.8831661688746,-5107.029
2083.9035979527907,-5201.041
2083.924029836715,-5235.0757
2083.944461520172,-5104.9487
2083.9648934033903,-5051.8916
2083.9853251863824,-4968.3745
2084.005756869141,-5265.73
2084.026188751661,-5266.5137
2084.0466205339544,-5134.967
2084.0670522157816,-5175.954
2084.08748409737,-5179.2456
2084.1079158789653,-5184.9907
2084.128347560094,-5301.3843
2084.1487794407512,-5187.7334
2084.169211221415,-5222.772
2084.189643001846,-5169.7036
2084.2305065615365,-5077.833
2084.2713701202956,-5244.5205
2084.2918018993296,-5234.7563
2084.3122336781307,-5194.619
2084.332665456459,-5227.8657
2084.3530972345616,-5222.284
2084.373529012664,-5367.303
2084.393960790294,-5311.105
2084.414392567698,-5220.4854
2084.43482444463,-5370.491
2084.455256121568,-5338.267
2084.4756878982735,-5178.5215
2084.496119774514,-5159.88
2084.5165514505134,-5394.6406
2084.5369832262877,-5401.563
2084.5574151018227,-5282.8276
2084.5778467771306,-5194.2886
2084.5982785522065,-5392.4976
2084.6187104268174,-5283.604
2084.6391421014196,-5071.913
2084.659573875564,-5261.824
2084.6800057494693,-5219.7173
2084.70043742338,-5204.6514
2084.720869296594,-5247.4126
2084.7617328427805,-5283.637
2084.782164615295,-5205.8545
2084.8025963878026,-5274.7124
2084.8230281598517,-5267.8647
2084.843459931668,-5307.073
2084.863891703484,-5286.076
2084.8843234745946,-5288.2993
2084.904755345713,-5397.8193
2084.92518701659,-5382.0386
2084.945618787242,-5263.461
2084.966050657429,-5232.715
2085.0069140973283,-5430.1655
2085.027345966817,-5370.872
2085.047777636064,-5398.4043
2085.0682094050862,-5338.448
2085.0886412736436,-5224.7383
2085.1090729421994,-5288.009
2085.1295048105167,-5372.3477
2085.149936478374,-5463.729
2085.170368245992,-5322.108
2085.190800113618,-5325.0713
2085.211231780777,-5248.2017
2085.2316635477036,-5276.3984
2085.252095414391,-5318.5117
2085.2725271806194,-5224.3447
2085.2929588468396,-5180.25
2085.313390712836,-5219.663
2085.3338224783656,-5259.3296
2085.3542541438947,-5265.631
2085.3746860089523,-5279.2363
2085.3951177737836,-5251.8584
2085.415549438374,-5152.1133
2085.4359813027404,-5216.127
2085.456413066873,-5222.7812
2085.497276594433,-5257.917
2085.5177083576345,-5256.9224
2085.5381402208295,-5206.029
2085.5585718835646,-5286.572
2085.5790036460676,-5279.36
2085.599435508564,-5223.998
2085.6198671706006,-5103.47
2085.640298932405,-5208.5938
2085.6607307939703,-5238.4487
2085.6811624553084,-5216.77
2085.7015942161815,-5245.244
2085.742457737688,-5153.5264
2085.7628894978625,-5101.3857
2085.7833213580307,-5179.3315
2085.8037531177397,-5162.0767
2085.824184877216,-5135.8633
2085.844616636685,-5186.255
2085.8650482956946,-5123.8105
2085.885480154473,-5165.8765
2085.9059119130106,-5128.428
2085.926343571322,-5004.2847
2085.946775429169,-5228.4673
2085.967207187008,-5134.2056
2085.987638844621,-5374.6294
2086.0080707017696,-5188.2334
2086.02850245891,-5109.6416
2086.0489341155917,-5160.391
2086.0693659722747,-5175.1235
2086.089797728484,-5203.64
2086.1102294844677,-5241.8647
2086.1306612402113,-5103.9463
2086.1510929957294,-5165.8823
2086.1715247510147,-5089.8364
2086.191956506067,-5000.8325
2086.232820115467,-5313.2573
2086.2532518698135,-5129.2544
2086.273683523934,-5063.567
2086.29411537759,-5145.9224
2086.314547131238,-5228.3164
2086.334978784427,-5208.905
2086.3554106376178,-5321.118
2086.3758423903346,-4993.483
2086.396274042825,-5160.0854
2086.416705895317,-5197.5103
2086.4371376473355,-5112.565
2086.4575692991275,-5187.7373
2086.478001150688,-5255.264
2086.498432902008,-5256.4053
2086.5188645531016,-5140.151
2086.539296403964,-5192.0283
2086.5597280545917,-5085.187
2086.580159904981,-5091.1807
2086.600591655144,-5159.527
2086.6414551545313,-5147.15
2086.6618869039958,-5173.056
2086.6823186529873,-5118.6206
2086.7231821505193,-5051.204
2086.743613899045,-5021.377
2086.7640456471127,-5081.376
2086.78447739518,-5049.8643
2086.8049091427747,-5126.056
2086.8253409901445,-5154.2095
2086.8457726375127,-5020.279
2086.866204384409,-5100.3228
2086.88663623108,-5238.5327
2086.907067877517,-5045.382
2086.9274997237153,-5064.2534
2086.9479314696873,-4990.7686
2086.9683631154257,-4984.0845
2086.9887949609256,-5055.716
2087.009226706199,-4704.476
2087.029658351239,-5004.4023
2087.0500901960404,-4815.4004
2087.0705219406154,-4970.6367
2087.0909536849576,-4765.2217
2087.1113854290597,-4789.9023
2087.1318171729363,-4838.8228
2087.152248916347,-4948.2324
2087.1726806597508,-4829.172
2087.213544145641,-4828.625
2087.2339758883463,-4920.71
2087.254407630826,-4751.833
2087.2748394728405,-4847.3076
2087.2952711148464,-4770.1377
2087.3157028566275,-4809.2017
2087.3361346979364,-5025.821
2087.356566339251,-4837.617
2087.3769980801007,-5014.612
2087.3974299209513,-4932.2246
2087.4178615613273,-5075.0884
2087.4382933017114,-4937.2812
2087.4587251416233,-5052.58
2087.479156781541,-5074.202
2087.4995885209937,-5067.1284
2087.5200203604472,-5099.5327
2087.5404519994263,-5169.5537
2087.5608837381806,-5045.1455
2087.5813155769283,-4927.397
2087.601747215216,-5010.453
2087.6221790532727,-5092.984
2087.6426107913285,-5000.6304
2087.6630425289113,-4758.7275
2087.7039060036186,-4984.1455
2087.7243377405102,-5101.906
2087.7447695774026,-5051.1997
2087.765201213828,-5085.0776
2087.7856329500137,-5140.903
2087.8060647862076,-5018.065
2087.826496421927,-5146.488
2087.8469281576545,-5002.231
2087.867359992917,-5045.945
2087.8877916279453,-4973.7324
2087.908223362967,-5006.7275
2087.928655197531,-5046.3286
2087.9490868318535,-5170.6855
2087.969518566184,-5124.779
2087.989950300049,-5058.3843
2088.0103820339136,-4828.2188
2088.0308138673063,-5064.784
2088.0512455007047,-5080.231
2088.071677233631,-4969.2524
2088.0921090663323,-4938.887
2088.112540799033,-4985.607
2088.1329724312673,-5004.038
2088.1534042634958,-4853.5586
2088.1942676270264,-4971.2324
2088.2146994585637,-4973.903
2088.2351311896346,-5010.8066
2088.2555628206974,-4907.3955
2088.2759946513033,-5014.5547
2088.2964263819085,-4961.1123
2088.316858012273,-5121.113
2088.3372898421803,-4850.2266
2088.357721572087,-4986.6045
2088.3781534017544,-5018.19
2088.3985850311947,-4905.2427
2088.41901676017,-4790.5073
2088.439448589139,-5001.418
2088.4598802178807,-4786.5415
2088.4803119463904,-4631.8887
2088.500743774661,-4756.332
2088.521175402704,-5021.6543
2088.5416071305153,-4956.591
2088.562038958087,-5014.946
2088.582470685433,-5108.4424
2088.6029023125448,-5038.5366
2088.623334139418,-4957.562
2088.643765866065,-4952.9316
2088.6846293186536,-4954.2017
2088.705061044835,-5223.67
2088.7254927705508,-4997.598
2088.7459244960264,-5106.5205
2088.7663561215086,-4993.9307
2088.7867879465193,-5059.638
2088.8072196713038,-5183.091
2088.8276512960874,-5108.4463
2088.848083120407,-4955.9106
2088.8685148447184,-4902.198
2088.8889464688036,-5120.264
2088.9093782924174,-5082.0215
2088.9298100160377,-5048.8857
2088.950241739425,-5166.9707
2088.9706734625797,-5119.0557
2088.9911051854942,-5156.094
2089.011536908183,-5141.214
2089.031968630399,-5085.88
2089.0524003526225,-5012.806
2089.0728321748466,-5028.1064
2089.093263896597,-4980.1445
2089.113695518121,-5092.0107
2089.1341273394137,-4952.588
2089.174990681524,-4943.6157
2089.195422502118,-4977.143
2089.2158542227044,-4979.663
2089.2362858428314,-5129.255
2089.25671766296,-5050.019
2089.2771493828477,-5018.363
2089.297581002509,-4997.021
2089.3180128217064,-5120.4927
2089.3384445408956,-4908.1406
2089.3588761598585,-5119.1475
2089.37930797859,-5035.1562
2089.39973959708,-4991.6455
2089.420171415346,-5002.9165
2089.440603133611,-5172.489
2089.46103475141,-5060.2275
2089.48146656897,-5084.8467
2089.5018982865367,-5078.7515
2089.5223300036305,-5094.376
2089.5427617207315,-5049.67
2089.563193437367,-4968.7163
2089.583625153995,-5055.285
2089.6040568703975,-4860.2446
2089.624488586567,-5123.133
2089.685783733672,-4943.9126
2089.706215448903,-5051.9214
2089.7266472639094,-4970.9375
2089.747078878914,-4878.9395
2089.7675106934475,-5069.8745
2089.7879424079874,-5057.183
2089.8083740222937,-5095.873
2089.8288058361286,-4990.006
2089.84923754997,-4967.3555
2089.869669163578,-4923.8516
2089.890100976947,-5172.5684
2089.91053269009,-5072.0156
2089.930964403,-5185.8228
2089.95139611567,-5029.387
2089.971827828347,-5005.477
2089.9922595405587,-4798.171
2090.012691252763,-5005.1475
2090.033122964509,-4992.569
2090.053554676255,-5057.224
2090.0739863877607,-5093.2803
2090.094418099041,-4964.5947
2090.114849910082,-4985.249
2090.1352815208957,-4936.011
2090.1557132314774,-5016.9653
2090.17614504206,-4910.898
2090.196576652168,-4934.5474
2090.217008362284,-5068.2925
2090.237440171928,-4972.8745
2090.2578717815777,-4952.168
2090.2783034909953,-5003.2095
2090.298735300181,-4887.2397
2090.3191669091248,-4924.9463
2090.339598617844,-4587.3657
2090.3600304263236,-4870.118
2090.40089374283,-4970.4805
2090.421325550851,-4755.109
2090.441757158398,-4836.4087
2090.462188965954,-4685.2085
2090.4826206732687,-4852.117
2090.503052380358,-4811.379
2090.5234840874473,-4906.9463
2090.543915794071,-4856.176
2090.5643475004545,-4859.545
2090.5847792068453,-4965.7715
2090.605210912763,-4843.9165
2090.6256426186883,-4881.167
2090.6460744243814,-5007.9062
2090.666506029833,-4830.6924
2090.6869377350595,-4826.733
2090.707369540287,-5125.3765
2090.72780114504,-5031.087
2090.748232849801,-4877.1177
2090.768664654097,-5149.781
2090.7890962583842,-5140.3877
2090.8095280624475,-5039.9844
2090.829959766277,-5106.908
2090.850391369866,-4986.163
2090.8708231732307,-4958.4253
2090.891254776594,-5122.805
2090.911686479485,-5116.5156
2090.932118282384,-5081.3237
2090.952549885049,-4979.944
2090.9729815874744,-5020.5146
2090.993413389675,-4911.0913
2091.013845091642,-5082.8706
2091.034276693601,-5116.783
2091.054708495103,-5130.405
2091.0751401966045,-5030.9805
2091.0955718978657,-4989.3984
2091.1364352997043,-5116.4175
2091.156867100268,-4959.06
2091.1772987006043,-5044.4497
2091.1977304009415,-5154.005
2091.2181622010394,-5225.186
2091.2385938006773,-4888.0454
2091.259025500316,-5073.323
2091.2794572999483,-5195.629
2091.2998888991206,-5131.7524
2091.320320598061,-5048.829
2091.3407523969945,-5215.634
2091.361183995701,-5130.2427
2091.381615693943,-5016.9526
2091.402047492178,-4946.106
2091.422479090419,-5299.413
2091.4429108881886,-5137.2407
2091.4633425859647,-5037.1704
2091.483774283275,-5043.094
2091.5042059805855,-5198.938
2091.524637677656,-5183.739
2091.5450693745006,-5223.815
2091.5655010711052,-5178.145
2091.585932767717,-5112.1577
2091.647227855916,-5184.8223
2091.6676594515957,-5166.1426
2091.6880912472698,-5101.6196
2091.7085229424847,-5075.221
2091.728954537699,-5068.157
2091.7493863326818,-5221.8105
2091.7698180274238,-5086.7393
2091.790249821941,-5162.725
2091.8106814162165,-5153.5186
2091.8311131105,-5132.1772
2091.871976498136,-5274.285
2091.892408191714,-5236.6006
2091.912839985067,-5179.586
2091.933271578411,-5080.824
2091.953703271298,-5152.6855
2091.9741350641852,-4969.5366
2091.994566756832,-5059.04
2092.014998349252,-4905.1533
2092.035430141441,-5159.3994
2092.0558618336217,-5222.3604
2092.0762934253435,-5037.1084
2092.0967252170667,-5091.531
2092.117156908549,-5372.1123
2092.1375886998067,-5265.5977
2092.1580202910627,-5003.805
2092.1784519818466,-5214.2227
2092.1988837726385,-5248.1387
2092.219315363196,-5231.28
2092.2397470535143,-5182.515
2092.260178743607,-5209.374
2092.2806104336996,-5189.525
2092.3010420235514,-5142.339
2092.321473813179,-5173.735
2092.3419055025734,-5062.5005
2092.3623371917274,-5012.2114
2092.3827688808888,-5021.0684
2092.4032005695844,-5247.7344
2092.4236323582736,-5179.5537
2092.4440639467357,-5148.9897
2092.4644956351985,-5071.2666
2092.484927423189,-5035.3647
2092.5053591114192,-5059.4634
2092.525790699183,-5629.2686
2092.5666541740065,-5012.744
2092.607517548364,-4916.593
2092.627949234964,-5218.5283
2092.6483808217963,-5151.235
2092.668812608157,-5156.632
2092.6892442945245,-5091.813
2092.7096758804255,-5020.1416
2092.7301076663207,-4758.063
2092.7505393522224,-4823.3677
2092.770971137652,-4610.5107
2092.7914027230872,-4564.0693
2092.8118344082905,-4584.5947
2092.8322661932616,-4762.4707
2092.852697777991,-4869.024
2092.873129462496,-5162.4897
2092.893561246994,-4925.793
2092.913992831265,-4969.4316
2092.9344245153043,-4929.9478
2092.954856299344,-4941.472
2092.9752879829102,-4788.4844
2092.995719566483,-4790.9004
2093.016151349817,-4811.3574
2093.036582932924,-4887.0957
2093.0570146160317,-4818.7007
2093.0774463989,-4935.036
2093.0978779815414,-4824.973
2093.1183097639514,-4899.56
2093.1387414461205,-4849.729
2093.159173028296,-4945.614
2093.1796048102406,-4847.246
2093.200036491944,-4852.4937
2093.220468073421,-4866.6064
2093.2408998549,-4994.2056
2093.2613315361377,-4965.242
2093.2817631171492,-4950.565
2093.3021948979294,-5003.911
2093.3226265787016,-4863.001
2093.343058259248,-4782.5996
2093.363489939562,-4850.5547
2093.3839216196357,-4891.932
2093.4043533994845,-4994.4683
2093.424784979332,-5027.0796
2093.44521665894,-4992.616
2093.465648438323,-5018.953
2093.4860801177056,-5074.2764
2093.506511696847,-5009.693
2093.5269434757647,-4961.397
2093.5473751544487,-4876.7646
2093.5882385113437,-5192.778
2093.608670189562,-5194.181
2093.6291017675394,-5257.9927
2093.6495335455256,-5044.6626
2093.6699652232783,-5036.634
2093.69039680079,-4973.3584
2093.710828578078,-5094.181
2093.731260255132,-5096.5684
2093.751691932179,-4996.7695
2093.772123609,-4910.243
2093.7925551858207,-4969.8145
2093.81298696217,-5107.571
2093.8334186385255,-5030.2075
2093.8538503146483,-5014.9126
2093.874281990531,-5078.853
2093.894713666421,-5009.9556
2093.915145342078,-5103.583
2093.9355770174952,-4906.194
2093.9560086926867,-5185.274
2093.9764403678782,-5206.6147
2093.9968720428296,-4988.8237
2094.0173037175555,-5146.4478
2094.037735492282,-5014.7603
2094.058167166535,-5107.2954
2094.0785987407944,-4995.7427
2094.099030515048,-5156.5737
2094.1194621888426,-5040.3994
2094.1398937626363,-4925.972
2094.160325536199,-4945.3003
2094.180757209753,-5175.0757
2094.2011887828485,-4948.9946
2094.221620555938,-4871.772
2094.242052228801,-4971.9775
2094.2624838016636,-4968.826
2094.2829155742947,-4900.1567
2094.303347246685,-4997.12
2094.3237790188505,-4878.0454
2094.344210591007,-4989.236
2094.364642262939,-4843.724
2094.385073934638,-4908.727
2094.4055056061043,-4930.6816
2094.425937277563,-4948.692
2094.4463689487966,-4916.839
2094.4668006200227,-4939.2866
2094.4872322907904,-4859.9854
2094.507663961558,-4735.858
2094.528095632093,-4871.6074
2094.5689590729235,-4993.7085
2094.5893906429847,-4856.5054
2094.609822312821,-4905.0938
2094.650685652261,-4986.5264
2094.711980660126,-4828.413
2094.7324124290317,-4855.478
2094.7732756663754,-5143.2124
2094.7937074348083,-4887.8467
2094.8141391032477,-4865.035
2094.8345706714463,-4715.3047
2094.855002439421,-4872.021
2094.8754341071617,-4871.8745
2094.8958657748954,-4814.9385
2094.9162974421706,-4872.964
2094.9571608767146,-4741.385
2094.9775924437563,-4907.704
2094.998024110566,-4880.1865
2095.018455877369,-4691.4624
2095.0388875439457,-4632.962
2095.059319110289,-4787.1694
2095.0797508763935,-4870.0015
2095.1001825425046,-4689.5117
2095.120614108382,-4797.3716
2095.141045874254,-4743.1494
2095.1614774396658,-4756.904
2095.1819091050784,-4472.48
2095.2023408704845,-4850.549
2095.2227724354307,-4783.598
2095.243204200611,-4776.039
2095.263635865318,-4541.0444
2095.3044991945135,-4751.495
2095.3249308587547,-4773.561
2095.3453624230024,-4770.4575
2095.3657941870188,-4658.938
2095.3862258507943,-4498.0083
2095.4066575143443,-4578.241
2095.4270891778942,-4697.495
2095.447520841437,-4600.7354
2095.4679525045212,-4589.787
2095.4883841676055,-4502.7944
2095.5088158306826,-4542.8306
2095.5496792559134,-4640.0195
2095.5701108185312,-4685.016
2095.590542580685,-4727.3315
2095.6109742428307,-4784.6147
2095.631405804983,-4782.2227
2095.6927007900376,-4886.5215
2095.713132551493,-4735.483
2095.7335642127073,-4810.521
2095.7539957736954,-4784.192
2095.774427534685,-4898.278
2095.7948591954337,-4781.981
2095.815290755956,-4819.153
2095.83572251648,-4942.3267
2095.897017497111,-4967.779
2095.9174491569283,-4916.0483
2095.937880816753,-5034.4727
2095.958312476345,-4976.4785
2095.9787441356966,-4966.2856
2095.999175794823,-4987.5547
2096.019607453949,-4884.373
2096.040039113068,-4952.6724
2096.060470871962,-4878.06
2096.080902430622,-4872.3267
2096.101334089042,-4916.35
2096.1217658474707,-4777.8726
2096.142197405665,-4920.207
2096.162629163853,-4912.826
2096.183060821815,-4824.876
2096.2034923795436,-4878.927
2096.2239241372663,-4908.7876
2096.24435579453,-4778.702
2096.2647873520255,-4804.688
2096.2852191092825,-4922.1353
2096.305650766313,-4940.6943
2096.3260823231103,-5016.403
2096.3465140799017,-4818.77
2096.3669457364667,-4940.4766
2096.387377393032,-4832.931
2096.4078090493567,-5051.378
2096.428240705456,-5087.7695
2096.4486724615563,-4972.761
2096.469104017415,-4927.5586
2096.4895356732814,-4832.199
2096.5303989843087,-5035.4956
2096.5508306397096,-4988.5063
2096.5916939498056,-4933.181
2096.612125604741,-5062.1885
2096.6938523228455,-4885.947
2096.714283877074,-4886.856
2096.734715631079,-4806.288
2096.7551472848427,-4736.0864
2096.775578838613,-4749.4854
2096.796010592385,-4627.526
2096.857305552294,-4823.8154
2096.877737205359,-4730.698
2096.898168858199,-4592.453
2096.9186005110387,-4647.9907
2096.9390321636456,-4819.1113
2096.9594638162453,-4769.552
2096.9798954683865,-4779.57
2097.0003271207534,-4871.5137
2097.0207588726626,-4904.436
2097.041190524571,-4822.305
2097.0616220764787,-4499.9717
2097.1024854795905,-4813.9214
2097.1229170310253,-4842.57
2097.143348782236,-4739.438
2097.163780433446,-4875.2236
2097.1842119844223,-4668.229
2097.20464373516,-4809.596
2097.2250753859043,-4774.243
2097.2455069364078,-4822.6343
2097.26593868692,-4772.3545
2097.286370237198,-4848.3794
2097.30680188736,-4735.548
2097.327233637283,-4672.0728
2097.3476651872115,-4647.3154
2097.3680969369016,-4741.1284
2097.388528586598,-4612.843
2097.408960236062,-4689.67
2097.429391885402,-4715.022
2097.4498235345163,-4430.324
2097.470255183631,-4550.194
2097.5315501300356,-4289.4414
2097.5519818785615,-4506.2593
2097.5724134269767,-4260.7827
2097.5928450752763,-4222.369
2097.613276823453,-4358.2515
2097.6337083714025,-4234.416
2097.654140119237,-4301.723
2097.6745717670638,-4381.531
2097.695003314664,-4290.5566
2097.7154350621495,-4183.4604
2097.7358667095104,-4249.958
2097.756298256645,-4188.4194
2097.7767300037813,-4289.64
2097.7971616506766,-4306.939
2097.8175931975784,-4298.1606
2097.838024944249,-4287.5044
2097.858456590795,-4487.9175
2097.878888237232,-4438.877
2097.8993198835524,-4399.0645
2097.919751529749,-4363.018
2097.9401831757204,-4363.674
2097.9606148216844,-4406.681
2097.981046467423,-4426.0034
2098.0014781131613,-4485.3213
2098.042341404049,-4288.309
2098.0627730493215,-4417.0366
2098.0832046944706,-4607.1533
2098.1036363395106,-4529.238
2098.124068084435,-4462.8794
2098.144499629241,-4427.14
2098.164931273808,-4555.5884
2098.185363018383,-4611.893
2098.2057945627166,-4589.168
2098.2466579511674,-4490.755
2098.267089495159,-4666.4136
2098.287521239028,-4562.3955
2098.3079528827875,-4637.7417
2098.410111099707,-4617.4556
2098.430542742768,-4738.356
2098.450974385589,-4728.1553
2098.471406028417,-4692.7124
2098.5327009559624,-4689.382
2098.5531325982083,-4909.6494
2098.5735643403314,-4839.0405
2098.593995982461,-4785.9395
2098.614427524357,-4705.684
2098.6348592661307,-4666.407
2098.655290807794,-4649.713
2098.7165857320797,-4665.8066
2098.737017373278,-4611.55
2098.757449114237,-4819.3926
2098.7778806552014,-4753.1274
2098.798312396051,-4649.9087
2098.859607317776,-4745.173
2098.880038958152,-4641.8506
2098.9004704983017,-4668.2544
2098.920902238453,-4663.014
2098.94133387848,-4627.33
2098.9821971580823,-4752.929
2099.0026287976434,-4578.657
2099.023060437212,-4671.095
2099.043492176541,-4607.1846
2099.0639237158757,-4730.2397
2099.0843554549792,-4776.7124
2099.104787094082,-4724.95
2099.1252186330603,-4699.095
2099.1456503718146,-4673.8076
2099.166082010561,-4670.7617
2099.206945287602,-4759.1953
2099.22737692589,-4750.358
2099.24780846417,-4731.085
2099.2682402022256,-4714.2734
2099.2886718402733,-4723.705
2099.309103378211,-4674.586
2099.3295351159177,-4819.6816
2099.390830028562,-4805.363
2099.4112616659113,-4776.455
2099.4316933031514,-4665.6606
2099.472556577166,-4825.4355
2099.4929882140495,-4948.4614
2099.513419850824,-4973.755
2099.5338514874747,-4976.7036
2099.5542831240164,-4849.673
2099.5747147604416,-4944.879
2099.595146496744,-4989.592
2099.615578132936,-4907.9453
2099.6360096690114,-4893.1123
2099.6564414049644,-4863.3613
2099.6768730408075,-4938.8804
2099.6973045765335,-4950.049
2099.7177363122537,-4918.2847
2099.7381679477476,-4925.9595
2099.7585994832407,-4892.5396
2099.779031218495,-4876.3076
2099.79946285364,-4852.7964
2099.8198943887837,-4866.4897
2099.8403261238054,-4805.1235
2099.860757758601,-4790.186
2099.881189493397,-4722.4814
2099.901621028068,-4613.244
2099.9220526626304,-4690.3003
2099.962915931399,-4893.637
2099.9833475656123,-5007.8735
2100.0037792998264,-4906.9785
2100.044642467663,-4932.482
2100.085505735151,-4789.8716
2100.105937368782,-4757.876
2100.228527268111,-4895.614
2100.2489589009274,-4855.906
2100.2693904337357,-4807.5527
2100.2898221664364,-4870.7856
2100.4328435920615,-4937.547
2100.4532753238236,-4833.288
2100.4737068555914,-4970.4155
2100.49413848712,-4676.504
2100.535001750075,-4863.137
2100.5758651126744,-4794.7007
2100.5962967437445,-4832.224
2100.6167282748065,-4874.322
2100.657591636482,-4872.1133
2100.6984548978,-4903.5674
2100.718886528288,-4848.7075
2100.739318258653,-4921.2817
2100.7597497890238,-4817.997
2100.780181419279,-5062.554
2100.8006130494105,-4889.5957
2100.943634457457,-5100.452
2100.964066086781,-4924.2793
2100.984497715981,-4969.8667
2101.0049293451884,-5027.7847
2101.025361074164,-5037.8184
2101.086655960731,-4941.342
2101.127519117974,-5006.4785
2101.1479508464836,-4968.7007
2101.168382474869,-5027.1978
2101.188814003144,-5062.2544
2101.2092457313047,-5014.3887
2101.229677359457,-5025.9233
2101.2501090873848,-4958.761
2101.270540615311,-4874.7554
2101.290972243114,-5078.476
2101.3114039709253,-5092.68
2101.331835498502,-5020.3726
2101.3522671260725,-5071.7114
2101.3726988535345,-4997.6094
2101.3931303808786,-4987.861
2101.433993635328,-5134.3984
2101.4544252623236,-5083.487
2101.474856889312,-5036.7944
2101.495288516191,-5029.6685
2101.51572014307,-5004.645
2101.53615186971,-4989.928
2101.5565833963556,-5089.841
2101.5770150228855,-4874.826
2101.597446749409,-5042.7183
2101.617878275705,-5070.2563
2101.638309902002,-4892.912
2101.6587416281764,-5096.999
2101.6791732542406,-4913.142
2101.699604780304,-4849.6426
2101.720036506129,-4969.636
2101.7404681319604,-4973.474
2101.7608996576746,-5020.3906
2101.781331383383,-5065.971
2101.8017630088652,-4965.016
2101.822194734341,-5306.2227
2101.842626259706,-5049.51
2101.8630578850716,-4972.461
2101.883489610198,-4984.981
2101.90392113533,-4998.874
2101.924352760463,-4963.5156
2101.9447844853566,-4939.414
2101.965216010256,-5125.6816
2101.9856476350396,-5027.23
2102.0060793597004,-5045.1636
2102.0265108842505,-4983.473
2102.046942608802,-4931.3213
2102.067374233229,-5005.6323
2102.108237481865,-4989.166
2102.1286691060595,-4946.078
2102.1491007301447,-5092.321
2102.1695323541135,-5130.887
2102.189963978075,-5078.5386
2102.2103955019265,-4991.984
2102.2308272256632,-5035.1816
2102.251258849392,-5014.435
2102.2716903730106,-5038.4766
2102.2921220965145,-4951.4326
2102.312553719894,-5001.434
2102.3329854432814,-5044.449
2102.353416966551,-5075.0186
2102.3738485896974,-5054.1855
2102.394280312852,-5088.567
2102.4147118358887,-5016.131
2102.4351434588025,-5120.776
2102.455575181608,-5035.225
2102.4760067044117,-4956.2896
2102.4964383270926,-4197.9277
2102.5168700497816,-4843.6743
2102.5373015723526,-4713.657
2102.5781649171404,-4918.1406
2102.6190281616946,-5016.688
2102.6394597838007,-4918.267
2102.659891405907,-5014.714
2102.6803230278892,-5121.597
2102.721186271636,-4979.33
2102.9255024857994,-5028.9336
2102.9459341067413,-4978.978
2102.966365827677,-4945.7217
2102.9867973485016,-4817.3306
2103.395429850061,-4958.713
2103.415861569374,-4932.0186
2103.4567247077575,-4934.782
2103.4771564268376,-4964.5625
2103.967515265358,-4939.4062
2104.090104968993,-5058.307
2104.1105366860866,-4889.618
2104.1309683030704,-4684.333
2104.151400020055,-4587.6226
2104.1718315369217,-4612.0923
2104.192263153782,-4754.849
2104.212694770533,-4749.418
2104.23312638716,-4928.005
2104.2535580037948,-4867.3467
2104.2739896204293,-4975.918
2104.2944212369475,-5075.3516
2104.314852853342,-5057.299
2104.3352845697445,-5299.9834
2104.3965794185933,-5261.5195
2104.4170109347615,-5162.9814
2104.45787426686,-5464.532
2104.4783057829045,-5419.087
2104.498737498725,-5311.3247
2104.519169114661,-5071.567
2104.53960063048,-5219.142
2104.5600323461767,-5315.0703
2104.58046396188,-5243.0063
2104.6213271930465,-5380.5537
2104.6417588086333,-5251.6035
2104.6621905240972,-5397.1553
2104.6826220394505,-5450.775
2104.7030536548045,-5520.527
2104.723485370152,-5866.034
2104.743916885389,-5654.8633
2104.76434850051,-5469.1562
2104.784780215625,-5343.503
2104.82564334575,-5805.6406
2104.9278015200616,-5034.227
2104.948233134717,-5079.493
2104.9686647493654,-5114.8896
2104.989096263904,-5036.097
2105.0095279784437,-5385.2183
2105.0299595929755,-4935.468
2105.0503911073974,-4977.8867
2105.0708228217045,-4798.694
2105.295570676484,-5251.766
2105.3160022903176,-4608.3237
2106.2967198975093,-4875.329
2106.378446343784,-4437.4697
2106.398877955289,-6059.5957
2106.5418993344647,-5173.448
2106.6236256789925,-5195.903
2106.6440573900327,-4927.6245
2106.6644890010793,-4536.043
2106.684920512009,-4133.446
2106.7462153447923,-4897.134
2106.991394872668,-5672.0947
2107.195710875887,-4660.1064
2107.2570059062273,-4760.5005
2107.277437416342,-4438.2554
2107.6043433740124,-4214.4775
2107.6247748836613,-4135.8286
2107.645206493311,-4136.858
2107.665638202896,-4938.3867
2107.6860697124284,-4945.361
2107.7065014219625,-4783.331
2107.726932931546,-4814.691
2107.747364541021,-4693.0977
2107.7677962504968,-4256.9014
2107.8086593693806,-4678.662
2107.890385906925,-4539.2383
2107.9108174162757,-4745.9062
2107.931249025576,-4956.4595
2107.9516807348773,-4787.671
2107.9721122441697,-4829.711
2107.9925439534127,-4794.799
2108.0129755625967,-4836.943
2108.0947019993764,-4958.1035
2108.135565217628,-4984.817
2108.1559968267466,-4877.034
2108.176428535815,-4976.263
2108.1968600448818,-4915.756
2108.217291753943,-4983.9272
2108.2377233629522,-5148.923
2108.258154871961,-5099.4077
2108.299018189973,-5074.2812
2108.3603130168194,-5059.222
2108.3807445257116,-4677.6294
2108.401176234598,-4800.1113
2108.421607843491,-4769.28
2108.442039452377,-4837.742
2108.4624710612115,-4987.681
2108.4829025701038,-4905.235
2108.5033342789393,-4975.7793
2108.6054923228658,-4913.323
2108.6259239316423,-4996.3584
2108.6463555403534,-4980.146
2108.6667872490725,-5081.385
2108.6872188577836,-5014.2754
2108.707650366501,-5135.82
2108.7280820752203,-5038.7563
2108.748513683873,-4967.751
2108.8302400185057,-5127.88
2108.8506717271084,-5147.234
2108.8711033357613,-5135.074
2108.891535044364,-5063.47
2108.911966552965,-5013.669
2108.93239816156,-5115.433
2108.9528298701043,-5153.16
2108.9732613787055,-5015.0757
2108.993692987242,-4973.4575
2109.0345562043294,-4838.5938
2109.054987812866,-4725.0576
2109.0754195214104,-4996.3364
2109.0958510299533,-4998.0205
2109.1162827384323,-5174.4766
2109.1367142469753,-5190.516
2109.157145855461,-5071.9077
2109.17757756394,-5149.919
2109.198009072483,-5105.6714
2109.2184406809683,-5137.908
2109.238872389389,-5111.7197
2109.3001672148384,-4939.9204
2109.341030531694,-4886.5454
2109.3614620401713,-4966.089
2109.3818936485986,-4811.408
2109.4023253570194,-4953.448
2109.422756865504,-4928.3154
2109.4431884739315,-5007.982
2109.4636201823596,-4926.0977
2109.484051690779,-4818.489
2109.60664134127,-4725.026
2109.627073049698,-4847.539
2109.64750465806,-4920.033
2109.6679362664872,-4826.033
2109.6883678749145,-4873.646
2109.708799483342,-4821.4917
2109.7292310917037,-4784.6416
2109.770094308551,-4884.2236
2109.79052591692,-4817.2783
2109.8109576253482,-4857.067
2109.831389133775,-4759.8623
2109.8518208421374,-4826.0645
2109.872252350564,-4787.6543
2109.892683958984,-4859.161
2109.913115667412,-4864.766
2109.9335471758386,-4932.409
2109.9539787842077,-4807.878
2109.9744104926285,-4776.03
2110.035705317903,-4957.931
2110.056136826388,-4996.902
2110.0765685348088,-4956.848
2110.097000143236,-4958.58
2110.1174316516626,-4981.2725
2110.1378633600834,-5073.8926
2110.158294968569,-4946.39
2110.1787265770545,-4986.388
2110.1991581854745,-4865.8286
2110.21958979396,-5031.4985
2110.2808846194093,-4916.196
2110.3013163278956,-4976.208
2110.321747936374,-5037.715
2110.3421794448586,-4957.2725
2110.362611153396,-4977.4497
2110.3830427618814,-5018.1157
2110.403474370425,-5097.9565
2110.423905978969,-4956.0083
2110.4443375875053,-4967.2437
2110.464769196049,-5066.088
2110.5056323131284,-5135.226
2110.526064021731,-4976.8916
2110.566927138927,-5101.3916
2110.5873588474715,-5002.1426
2110.6077904561243,-5078.83
2110.628222164727,-4964.831
2110.648653673328,-5200.593
2110.6690852819884,-5027.3574
2110.689516990642,-5030.702
2110.7099484993014,-5127.0835
2110.8325381514805,-4773.2554
2111.0368544394514,-4870.7705
2111.0572859483436,-4964.2856
2111.0777176572374,-4917.262
2111.098149266123,-5014.007
2111.1185807750735,-4988.18
2111.1390124840254,-5107.6177
2111.1594439929686,-4960.6987
2111.17987560192,-5364.194
2111.2003073108717,-5132.1035
2111.2820336470104,-4809.717
2111.3228969651464,-5103.469
2111.343328474264,-4915.9077
2111.3637601833907,-4904.9062
2111.3841917925165,-4854.3364
2111.4046234016932,-4932.9854
2111.4250550108773,-4901.7476
2111.4454866200613,-4854.5156
2111.5272131570164,-4790.123
2111.547644766317,-4723.794
2111.5680762756747,-4809.4565
2111.5885079849686,-5010.4727
2111.629371103685,-4892.269
2111.6498028130954,-4842.867
2111.6702344225123,-4758.318
2111.6906661319226,-4572.0576
2111.772392469931,-4845.7773
2111.7928240795227,-4695.819
2111.813255689107,-4814.4146
2111.8336872986984,-4847.3135
2111.85411890829,-4892.777
2111.8745505179395,-4969.962
2111.9154138372905,-4894.486
2111.9358453470486,-4969.874
2112.058435105864,-4843.035
2112.119729935621,-5040.82
2112.14016154562,-4908.6006
2112.1605931556187,-4900.799
2112.1810247656686,-4881.639
2112.283182816238,-4855.924
2112.303614526405,-4767.629
2112.3240461366368,-4971.9043
2112.344477646926,-4863.726
2112.3649093572094,-4921.761
2112.3853409674994,-4940.442
2112.405772477876,-4930.321
2112.4262041882466,-4921.9004
2112.589657072356,-4957.0527
2112.6305202937147,-4948.1445
2112.650951904441,-4944.136
2112.6713835151895,-4775.778
2112.793973180407,-5154.8354
2112.8144048913964,-4955.4766
2112.834836502436,-5001.601
2112.8552680134817,-4985.6553
2112.8756997245873,-4929.0435
2112.896131335714,-4990.771
2112.9165630468488,-4917.851
2113.018721003231,-5051.746
2113.0391527146276,-4947.932
2113.059584226052,-5072.7725
2113.0800158374986,-4949.4717
2113.1004475489826,-4848.498
2113.1208790605524,-4852.3125
2113.2843320542015,-4751.819
2113.4273534382373,-4895.1104
2113.447784950411,-4930.204
2113.468216562622,-4667.094
2113.4886482748843,-4763.3086
2113.5090797871235,-4766.728
2113.5295114994515,-4868.14
2113.549943111837,-4876.9824
2113.5703746242725,-4645.6987
2113.590806336746,-4874.8076
2113.6112379492406,-4733.4497
2113.6316694618,-4812.455
2113.652101174419,-4856.8184
2113.6929642997347,-4913.8687
2113.7542593380495,-4717.1133
2113.795122463838,-4754.7026
2113.835985789825,-4751.469
2113.8564173028717,-4611.119
2113.8768490159564,-5074.8403
2113.897280529127,-4799.3506
2113.9790070821473,-4714.077
2113.9994386955223,-4577.0425
2114.0198702089547,-4699.988
2114.0403019224395,-4589.731
2114.06073353596,-4675.0557
2114.081165049538,-4723.087
2114.1015967631683,-4782.1685
2114.1220283768344,-4752.2896
2114.1424600905593,-4894.2227
2114.2241864459356,-4930.025
2114.244618059922,-4886.708
2114.265049773938,-4888.107
2114.2854812880323,-4938.302
2114.3059130021647,-4757.886
2114.3263446163255,-4999.0312
2114.346776230537,-4837.6475
2114.3672078448435,-4976.527
2114.387639459179,-4881.9155
2114.5102291462827,-4679.0107
2114.53066086099,-4786.036
2114.551092375761,-4716.7935
2114.571523990562,-4856.7017
2114.591955705415,-4828.6807
2114.6123872203607,-4951.2397
2114.6328188353364,-4743.1787
2114.75540862637,-4597.236
2114.837135088208,-5055.147
2114.857566603794,-4644.3916
2114.877998319469,-4942.704
2115.123177811918,-4814.315
2115.24576751142,-4780.169
2115.327493978999,-4932.8467
2115.368357313164,-4975.944
2115.531810252389,-4848.615
2115.572673487841,-5002.1934
2115.5931051056687,-5023.986
2115.613536723562,-4745.135
2115.736126432319,-5038.5713
2115.7974212876143,-4953.873
2115.8178530061705,-5064.2954
2115.838284624806,-5125.9995
2115.8587161435207,-5007.1353
2115.960874238095,-4950.3916
2116.0017375764073,-4912.5757
2116.0221690956823,-4896.167
2116.0426008149952,-5004.35
2116.0630324344093,-5018.659
2116.083464053874,-4937.559
2116.1038956734483,-5137.341
2116.2060538722653,-4774.757
2116.226485492254,-4929.7617
2116.2469170123222,-4733.224
2116.2673487324428,-4819.744
2116.287780352657,-4804.0317
2116.308211972937,-4810.51
2116.3286435932896,-4759.8906
2116.3490752137222,-4677.1494
2116.471664937875,-4788.707
2116.492096658825,-4970.38
2116.5329599009783,-5092.5425
2116.5533915221677,-4857.7407
2116.5738230434436,-4904.362
2116.594254764772,-4933.43
2116.655549629264,-4521.7446
2116.675981150933,-4603.0024
2116.696412872654,-4617.855
2116.716844494469,-4619.6035
2116.7372760163707,-4637.1167
2116.757707738325,-4758.1196
2116.77813936038,-4796.873
2116.798570982508,-5029.993
2116.8190026047087,-4779.2676
2116.839434227004,-4698.602
2117.0846139007917,-4801.0083
2117.207203542166,-4727.887
2117.2889300380994,-4893.38
2117.3297932865826,-4788.642
2117.5954046101397,-4853.8584
2117.636267761256,-4901.142
2117.656699486928,-4758.223
2117.677131012715,-4842.427
2117.697562738569,-5090.769
2117.717994364524,-4829.115
2117.7384258905804,-5139.6484
2117.758857616718,-4957.1426
2117.779289242935,-5063.1978
2117.799720769268,-5208.656
2117.8201524956603,-4864.9644
2117.8610157487637,-4785.146
2118.065332019789,-4951.6475
2118.187921786928,-4916.441
2118.2900800288407,-5057.2993
2118.310511757496,-5101.5566
2118.494396419941,-4909.7085
2118.514827949606,-5126.9004
2118.5352596793527,-4940.0347
2118.5556913092078,-4912.8213
2118.6987127210014,-4889.6094
2118.7395759824212,-4929.3394
2118.7600076132876,-5018.976
2118.7804392442486,-4902.4663
2118.8008708753187,-5086.124
2118.8825975006257,-4918.2773
2118.9030290322116,-4946.772
2118.9234607638937,-4962.3877
2118.9438923956914,-4994.5537
2118.96432392759,-5003.558
2118.9847556595705,-5014.4126
2119.0051872916883,-5030.322
2119.0256188239146,-5186.733
2119.0460505562223,-5220.7847
2119.127777086549,-5029.2847
2119.1482088193734,-5038.097
2119.168640352349,-4961.156
2119.229935251853,-5076.7544
2119.2912302523328,-4921.6714
2119.5159782291303,-4931.466
2119.5364099640283,-5110.688
2119.7407263193454,-5049.579
2119.7611579555087,-5180.1113
2119.781589591774,-4993.9346
2119.9654743233186,-5301.1914
2119.985906060727,-5245.35
2120.0063375982863,-5376.461
2120.0267693359056,-5197.9204
2120.1493591642793,-5177.099
2120.271948996902,-5346.079
2120.455833853899,-5264.113
2120.4762654941587,-5177.191
2120.496697134571,-5307.6187
2120.5171287751873,-5207.666
2120.6192869795923,-5297.7783
2120.6397187208495,-5289.704
2120.6601502622434,-5346.8867
2120.6805819037327,-5317.6934
2120.701013645361,-5376.089
2120.7214451871114,-5397.033
2120.741876828979,-5449.568
2120.7623085709856,-5517.7393
2120.803171855361,-5305.884
2120.8236034977454,-5300.945
2120.8440350402525,-5263.4976
2120.8644667828776,-5380.133
2120.88489842564,-5235.5117
2120.9053299685256,-5410.9985
2120.925761711529,-5323.395
2120.94619335467,-5282.656
2120.9666250979353,-5273.0684
2120.9870566413156,-5401.5103
2121.007488284835,-5366.0576
2121.0483515722663,-5196.095
2121.089214960215,-5168.8135
2121.109646604382,-5136.8955
2121.130078148657,-5139.2183
2121.1709415376317,-5161.6494
2121.4569845751103,-5224.6226
2121.4774163216352,-5202.8945
2121.497847868297,-5141.5264
2121.6204378510374,-5217.068
2121.661301146378,-5369.806
2121.681732794241,-5450.404
2121.7021644422493,-5343.319
2121.7430278386673,-5172.748
2121.926912679337,-5284.4844
2121.9473443289753,-5306.652
2121.967775978781,-5314.315
2121.9882076287104,-5310.74
2122.1107975312407,-5201.6245
2122.4581357160278,-5039.487
2122.478567469363,-5165.38
2122.580725738233,-5001.4536
2122.6011573924698,-5061.83
2122.621588946822,-5105.8423
2122.642020701285,-5252.2495
2122.662452255987,-5083.8345
2122.6828840107482,-5088.862
2122.703315665676,-5238.839
2122.7237472207853,-5240.6353
2122.8463372544575,-4947.858
2122.866768910608,-4895.3516
2122.887200566882,-4782.8066
2122.907632323331,-4722.418
2122.948495536628,-4818.3745
2122.9689272934847,-4880.597
2123.0915172379828,-4739.2227
2123.193675629176,-4914.9985
2123.214107187894,-4917.5693
2123.357128903095,-4952.0776
2123.3775604630355,-4881.17
2123.397992123151,-4910.901
2123.418423883377,-4870.8477
2123.438855443783,-4835.499
2123.4592872043577,-5017.0776
2123.5818771709746,-4823.392
2123.6431722564375,-4963.7734
2123.6636038185316,-4953.935
2123.68403558086,-4756.1953
2123.847488984873,-4755.8813
2123.9087838765627,-4867.8784
2123.929215540753,-4810.294
2123.9496472051105,-4816.797
2124.0722372947785,-4779.518
2124.1539639577604,-4857.701
2124.174395523929,-4903.121
2124.1948272902664,-4979.659
2124.358280726825,-5181.5835
2124.3991440626487,-5237.594
2124.41957573079,-5257.4414
2124.440007299112,-5119.8765
2124.5625974125287,-5245.902
2124.6238924215068,-5073.7065
2124.644324091518,-5311.1763
2124.664755761696,-5207.7124
2124.6851874320564,-5377.4785
2124.8895041448923,-5345.5586
2124.930367589506,-5239.6523
2125.052957627544,-5240.213
2125.1959794465365,-5316.792
2125.2368427963884,-5273.3833
2125.25727447158,-5272.9585
2125.2777061469387,-5280.8076
2125.2981378225377,-5300.056
2125.379864526498,-5282.576
2125.4002962029044,-5328.5015
2125.5433179430256,-5161.7896
2125.584181398932,-5097.385
2125.6046129771494,-5176.236
2125.8702249107155,-5188.6274
2125.911088372508,-5152.042
2126.033678462176,-5126.4595
2126.1154051923804,-4895.8975
2126.1358368753718,-5036.9966
2126.29929044615,-5050.1265
2126.360585500821,-5102.7583
2126.3810170861398,-5112.2656
2126.524038988311,-5108.1455
2126.564902462029,-4977.826
2126.605765736618,-5096.4956
2126.6466292119076,-5096.978
2126.8100827208764,-5057.665
2126.9531046513875,-4942.8926
2126.973536242236,-4974.196
2127.0143997245686,-5047.883
2127.504760474454,-5082.8896
2127.9951214407556,-5029.476
2128.097279848713,-5059.5767
2128.1585750560043,-4928.501
2128.281165276174,-5028.4927
2128.485482326905,-4853.6343
2128.791958042988,-5118.883
2129.4662047714955,-5134.3877
2129.9565662365785,-5186.6196
2130.4469277342578,-4949.8916
2130.93728936791,-4826.791
2131.427651240796,-4615.631
2131.9180131559406,-4942.3228
2132.4083753167142,-5065.423
2132.898737426156,-5086.5034
2133.389099787637,-5143.5166
2133.879462404184,-5045.174
2134.369825178939,-5136.1157
2134.860188015162,-5211.0547
2135.3505510162213,-5164.9663
2135.840914284927,-4748.169
2136.331277724763,-5219.0107
2136.821641238639,-5156.768
2137.312004929816,-5244.0757
2137.80236880132,-5073.1494
2138.292732856411,-4937.8975
2138.7830971982257,-5202.602
